parameter,Units,times,value_mean,value_std
Air_Temperature,F,2014-05-06,46.84453781512605,5.0361186540960485
Air_Temperature,F,2014-05-07,51.517361111111114,4.772595573903524
Air_Temperature,F,2014-05-08,58.43055555555556,5.852347300012962
Air_Temperature,F,2014-05-09,74.29236111111112,4.581691748827538
Air_Temperature,F,2014-05-10,59.87847222222222,5.096593723227555
Air_Temperature,F,2014-05-11,58.75972222222222,3.664234995755339
Air_Temperature,F,2014-05-12,67.47152777777778,1.427926424347162
Air_Temperature,F,2014-05-13,74.14166666666667,6.663400715168576
Air_Temperature,F,2014-05-14,64.03055555555555,4.299638589101642
Air_Temperature,F,2014-05-15,65.23823529411764,5.4744938385818855
Air_Temperature,F,2014-05-16,46.14705882352941,3.165717780090457
Air_Temperature,F,2014-05-17,44.831944444444446,2.515091589422881
Air_Temperature,F,2014-05-18,48.30555555555556,5.086342301780132
Air_Temperature,F,2014-05-19,55.00138888888889,3.4041723907419477
Air_Temperature,F,2014-05-20,59.50208333333333,4.291974438462966
Air_Temperature,F,2014-05-21,63.98819444444444,2.916183359890184
Air_Temperature,F,2014-05-22,59.61048951048951,5.005148240923697
Air_Temperature,F,2014-05-23,51.614583333333336,2.4932908225624466
Air_Temperature,F,2014-05-24,54.11666666666667,3.986357855367348
Air_Temperature,F,2014-05-25,61.39444444444444,5.2235183301242305
Air_Temperature,F,2014-05-26,67.86944444444445,4.002958307761309
Air_Temperature,F,2014-05-27,70.82291666666667,2.064001096045128
Air_Temperature,F,2014-05-28,63.11188811188811,3.5003317651711687
Air_Temperature,F,2014-05-29,56.833333333333336,2.7072552094752367
Air_Temperature,F,2014-05-30,58.361805555555556,4.6153437700536575
Air_Temperature,F,2014-05-31,63.02430555555556,3.5664569111360254
Air_Temperature,F,2014-06-01,68.31597222222223,5.342188116619344
Air_Temperature,F,2014-06-02,73.78194444444445,3.815182272594035
Air_Temperature,F,2014-06-03,72.33986013986014,2.31632722457068
Air_Temperature,F,2014-06-04,62.40694444444445,2.807025471365023
Air_Temperature,F,2014-06-05,58.30839160839161,1.9322867028215285
Air_Temperature,F,2014-06-06,58.21944444444445,3.661542297569707
Air_Temperature,F,2014-06-07,63.90972222222222,5.375485919742415
Air_Temperature,F,2014-06-08,64.55972222222222,3.4706425000076586
Air_Temperature,F,2014-06-09,61.50992907801418,2.6189775803474693
Air_Temperature,F,2014-06-10,66.0,0.2563479777846639
Air_Temperature,F,2014-06-11,,
Air_Temperature,F,2014-06-12,,
Air_Temperature,F,2014-06-13,,
Air_Temperature,F,2014-06-14,,
Air_Temperature,F,2014-06-15,,
Air_Temperature,F,2014-06-16,,
Air_Temperature,F,2014-06-17,,
Air_Temperature,F,2014-06-18,,
Air_Temperature,F,2014-06-19,,
Air_Temperature,F,2014-06-20,,
Air_Temperature,F,2014-06-21,,
Air_Temperature,F,2014-06-22,,
Air_Temperature,F,2014-06-23,,
Air_Temperature,F,2014-06-24,,
Air_Temperature,F,2014-06-25,,
Air_Temperature,F,2014-06-26,,
Air_Temperature,F,2014-06-27,,
Air_Temperature,F,2014-06-28,,
Air_Temperature,F,2014-06-29,,
Air_Temperature,F,2014-06-30,,
Air_Temperature,F,2014-07-01,77.5958041958042,2.1172954488518454
Air_Temperature,F,2014-07-02,74.61805555555556,1.9767760988902379
Air_Temperature,F,2014-07-03,69.89791666666666,2.2653815730089897
Air_Temperature,F,2014-07-04,63.243750000000006,2.64243791731295
Air_Temperature,F,2014-07-05,67.23541666666667,4.703078425703924
Air_Temperature,F,2014-07-06,69.85416666666667,5.817839396610673
Air_Temperature,F,2014-07-07,73.83541666666666,3.020338256192216
Air_Temperature,F,2014-07-08,72.73706293706293,2.709598960027114
Air_Temperature,F,2014-07-09,68.15625,1.9851447869550527
Air_Temperature,F,2014-07-10,65.77777777777777,3.794059479619063
Air_Temperature,F,2014-07-11,68.00069444444445,3.9183358913869455
Air_Temperature,F,2014-07-12,72.57291666666667,4.326341802447924
Air_Temperature,F,2014-07-13,75.25763888888889,1.912841399159171
Air_Temperature,F,2014-07-14,73.08661971830985,3.0301845290167058
Air_Temperature,F,2014-07-15,69.74825174825175,1.4099172459410054
Air_Temperature,F,2014-07-16,64.33194444444445,1.7534243331255868
Air_Temperature,F,2014-07-17,63.665277777777774,3.9310013928097205
Air_Temperature,F,2014-07-18,66.01805555555556,5.136550130354734
Air_Temperature,F,2014-07-19,66.44166666666666,2.081839557712348
Air_Temperature,F,2014-07-20,68.27916666666667,2.8293139596936574
Air_Temperature,F,2014-07-21,70.22986111111112,2.8547856975921033
Air_Temperature,F,2014-07-22,73.92361111111111,4.34808833665697
Air_Temperature,F,2014-07-23,73.56597222222223,4.377535839624277
Air_Temperature,F,2014-07-24,65.54305555555555,0.9282401408739918
Air_Temperature,F,2014-07-25,63.824999999999996,5.051365528873728
Air_Temperature,F,2014-07-26,69.04722222222222,3.8005694171173707
Air_Temperature,F,2014-07-27,72.64166666666667,2.049611936662419
Air_Temperature,F,2014-07-28,64.41041666666666,1.4253802706940752
Air_Temperature,F,2014-07-29,62.19305555555555,2.368282632259635
Air_Temperature,F,2014-07-30,63.51267605633802,3.7012334374024674
Air_Temperature,F,2014-07-31,65.89305555555556,3.63380885876883
Air_Temperature,F,2014-08-01,70.63263888888889,3.704935847072731
Air_Temperature,F,2014-08-02,69.55594405594405,3.2715509174241686
Air_Temperature,F,2014-08-03,67.45277777777778,2.8362770940914346
Air_Temperature,F,2014-08-04,67.95357142857144,4.571433598774588
Air_Temperature,F,2014-08-05,,
Air_Temperature,F,2014-08-06,,
Air_Temperature,F,2014-08-07,,
Air_Temperature,F,2014-08-08,,
Air_Temperature,F,2014-08-09,,
Air_Temperature,F,2014-08-10,,
Air_Temperature,F,2014-08-11,,
Air_Temperature,F,2014-08-12,,
Air_Temperature,F,2014-08-13,,
Air_Temperature,F,2014-08-14,,
Air_Temperature,F,2014-08-15,,
Air_Temperature,F,2014-08-16,,
Air_Temperature,F,2014-08-17,,
Air_Temperature,F,2014-08-18,,
Air_Temperature,F,2014-08-19,,
Air_Temperature,F,2014-08-20,,
Air_Temperature,F,2014-08-21,,
Air_Temperature,F,2014-08-22,,
Air_Temperature,F,2014-08-23,,
Air_Temperature,F,2014-08-24,,
Air_Temperature,F,2014-08-25,,
Air_Temperature,F,2014-08-26,,
Air_Temperature,F,2014-08-27,,
Air_Temperature,F,2014-08-28,,
Air_Temperature,F,2014-08-29,,
Air_Temperature,F,2014-08-30,,
Air_Temperature,F,2014-08-31,,
Air_Temperature,F,2014-09-01,75.03237410071942,4.480023547869956
Air_Temperature,F,2014-09-02,73.40625,2.8553279544165546
Air_Temperature,F,2014-09-03,69.45454545454545,3.6273749339779955
Air_Temperature,F,2014-09-04,73.94861111111112,4.913574548199595
Air_Temperature,F,2014-09-05,79.30416666666666,5.282652372049112
Air_Temperature,F,2014-09-06,69.14142857142856,5.074225825549564
Air_Temperature,F,2014-09-07,63.3111111111111,4.373907233934493
Air_Temperature,F,2014-09-08,65.66874999999999,7.63236088587978
Air_Temperature,F,2014-09-09,68.38749999999999,3.760539966435774
Air_Temperature,F,2014-09-10,71.71111111111111,5.418436684086663
Air_Temperature,F,2014-09-11,66.11666666666666,6.6628392276435955
Air_Temperature,F,2014-09-12,55.775000000000006,0.9013199334185489
Air_Temperature,F,2014-09-13,55.84444444444445,2.202375633369195
Air_Temperature,F,2014-09-14,56.37291666666667,1.801949944198944
Air_Temperature,F,2014-09-15,58.043749999999996,4.533661493590096
Air_Temperature,F,2014-09-16,57.489583333333336,2.7897594640278327
Air_Temperature,F,2014-09-17,57.25664335664336,4.888165637689384
Air_Temperature,F,2014-09-18,57.03611111111112,4.164277170314717
Air_Temperature,F,2014-09-19,55.16875,4.467371510942783
Air_Temperature,F,2014-09-20,67.23194444444444,6.16081291495821
Air_Temperature,F,2014-09-21,69.25069444444445,2.408434959664449
Air_Temperature,F,2014-09-22,54.578472222222224,1.9478215622545778
Air_Temperature,F,2014-09-23,54.81458333333333,6.011957417763941
Air_Temperature,F,2014-09-24,61.95694444444444,6.1346619557704445
Air_Temperature,F,2014-09-25,62.94236111111112,3.0792011465402425
Air_Temperature,F,2014-09-26,61.74791666666667,3.6280756183282237
Air_Temperature,F,2014-09-27,63.174305555555556,3.895465294932659
Air_Temperature,F,2014-09-28,64.72986111111112,2.712830943650325
Air_Temperature,F,2014-09-29,62.3763888888889,3.3068690135659455
Air_Temperature,F,2014-09-30,61.06099290780142,1.6350523385963363
Air_Temperature,F,2014-10-01,60.92569444444444,2.9595819617811583
Air_Temperature,F,2014-10-02,63.96805555555555,5.361682920981405
Air_Temperature,F,2014-10-03,66.4013986013986,3.31590248616338
Air_Temperature,F,2014-10-04,51.797222222222224,4.667937722339776
Air_Temperature,F,2014-10-05,44.25378151260504,3.9270204756615903
Air_Temperature,F,2014-10-06,,
Air_Temperature,F,2014-10-07,,
Air_Temperature,F,2014-10-08,,
Air_Temperature,F,2014-10-09,,
Air_Temperature,F,2014-10-10,,
Air_Temperature,F,2014-10-11,,
Air_Temperature,F,2014-10-12,,
Air_Temperature,F,2014-10-13,,
Air_Temperature,F,2014-10-14,,
Air_Temperature,F,2014-10-15,,
Air_Temperature,F,2014-10-16,,
Air_Temperature,F,2014-10-17,,
Air_Temperature,F,2014-10-18,,
Air_Temperature,F,2014-10-19,,
Air_Temperature,F,2014-10-20,,
Air_Temperature,F,2014-10-21,,
Air_Temperature,F,2014-10-22,,
Air_Temperature,F,2014-10-23,,
Air_Temperature,F,2014-10-24,,
Air_Temperature,F,2014-10-25,,
Air_Temperature,F,2014-10-26,,
Air_Temperature,F,2014-10-27,,
Air_Temperature,F,2014-10-28,,
Air_Temperature,F,2014-10-29,,
Air_Temperature,F,2014-10-30,,
Air_Temperature,F,2014-10-31,,
Air_Temperature,F,2014-11-01,40.048251748251744,2.2139714219707725
Air_Temperature,F,2014-11-02,37.493478260869566,2.2583569546376956
Air_Temperature,F,2014-11-03,45.09305555555555,6.847424637389161
Air_Temperature,F,2014-11-04,57.84166666666667,3.8808206903655362
Air_Temperature,F,2014-11-05,50.078472222222224,2.39113055726373
Air_Temperature,F,2014-11-06,47.52222222222222,1.1076620905832741
Air_Temperature,F,2014-11-07,42.202083333333334,3.2408336307773795
Air_Temperature,F,2014-11-08,40.32013888888889,3.23597738418002
Air_Temperature,F,2014-11-09,43.69861111111111,2.86856573676975
Air_Temperature,F,2014-11-10,52.12291666666667,5.670876632692404
Air_Temperature,F,2014-11-11,60.4673611111111,4.677110306560648
Air_Temperature,F,2014-11-12,43.75277777777777,7.566451020206313
Air_Temperature,F,2014-11-13,33.424305555555556,2.2331966654422413
Air_Temperature,F,2014-11-14,33.85208333333333,0.8671929435820991
Air_Temperature,F,2014-11-15,32.10625,2.3201524772054403
Air_Temperature,F,2014-11-16,32.202777777777776,2.1990126342648795
Air_Temperature,F,2014-11-17,33.4943661971831,1.3559312650149413
Air_Temperature,F,2014-11-18,18.084615384615383,3.168936101123073
Air_Temperature,F,2014-11-19,18.605555555555554,4.387486621066652
Air_Temperature,F,2014-11-20,26.75625,3.551513392572578
Air_Temperature,F,2014-11-21,24.874125874125873,0.8564349038937549
Air_Temperature,F,2014-11-22,31.045833333333334,8.979774281898521
Air_Temperature,F,2014-11-23,49.83402777777778,3.356804241017
Air_Temperature,F,2014-11-24,57.11205673758865,5.6486847416937325
Air_Temperature,F,2014-11-25,39.71041666666667,2.7560415200319075
Air_Temperature,F,2014-11-26,34.456944444444446,0.4658480165401326
Air_Temperature,F,2014-11-27,33.08125,0.8661439947147519
Air_Temperature,F,2014-11-28,27.600694444444443,2.371907158874173
Air_Temperature,F,2014-11-29,33.31388888888889,7.6692156500432755
Air_Temperature,F,2014-11-30,54.49861111111111,4.218109245852418
Air_Temperature,F,2014-12-01,40.30833333333333,9.211899419180131
Air_Temperature,F,2014-12-02,28.259722222222223,4.173883493678692
Air_Temperature,F,2014-12-03,36.299305555555556,0.8808368976426014
Air_Temperature,F,2014-12-04,33.361805555555556,1.9482822460256366
Air_Temperature,F,2014-12-05,33.18898305084746,3.8594048497899283
Air_Temperature,F,2014-12-06,,
Air_Temperature,F,2014-12-07,,
Air_Temperature,F,2014-12-08,,
Air_Temperature,F,2014-12-09,,
Air_Temperature,F,2014-12-10,,
Air_Temperature,F,2014-12-11,,
Air_Temperature,F,2014-12-12,,
Air_Temperature,F,2014-12-13,,
Air_Temperature,F,2014-12-14,,
Air_Temperature,F,2014-12-15,,
Air_Temperature,F,2014-12-16,,
Air_Temperature,F,2014-12-17,,
Air_Temperature,F,2014-12-18,,
Air_Temperature,F,2014-12-19,,
Air_Temperature,F,2014-12-20,,
Air_Temperature,F,2014-12-21,,
Air_Temperature,F,2014-12-22,,
Air_Temperature,F,2014-12-23,,
Air_Temperature,F,2014-12-24,,
Air_Temperature,F,2014-12-25,,
Air_Temperature,F,2014-12-26,,
Air_Temperature,F,2014-12-27,,
Air_Temperature,F,2014-12-28,,
Air_Temperature,F,2014-12-29,,
Air_Temperature,F,2014-12-30,,
Air_Temperature,F,2014-12-31,,
Air_Temperature,F,2015-01-01,24.38111888111888,4.847039913430412
Air_Temperature,F,2015-01-02,30.483916083916082,1.2623837472428352
Air_Temperature,F,2015-01-03,32.83819444444444,4.973875759788847
Air_Temperature,F,2015-01-04,46.569014084507046,7.634683671623702
Air_Temperature,F,2015-01-05,20.396527777777777,7.090705165741617
Air_Temperature,F,2015-01-06,12.824305555555556,1.9621326533492964
Air_Temperature,F,2015-01-07,13.586111111111112,2.832370602926678
Air_Temperature,F,2015-01-08,10.070138888888888,2.271688933358968
Air_Temperature,F,2015-01-09,16.34722222222222,2.8189157377058907
Air_Temperature,F,2015-01-10,8.361805555555556,3.834495554532716
Air_Temperature,F,2015-01-11,23.509027777777778,6.323924084885179
Air_Temperature,F,2015-01-12,30.987499999999997,1.9428504399895956
Air_Temperature,F,2015-01-13,15.831944444444446,4.617307858160625
Air_Temperature,F,2015-01-14,14.889583333333333,3.590833682929572
Air_Temperature,F,2015-01-15,17.064583333333335,6.565340960154081
Air_Temperature,F,2015-01-16,26.894444444444446,3.763586627750746
Air_Temperature,F,2015-01-17,23.43472222222222,11.776065090394543
Air_Temperature,F,2015-01-18,40.63333333333333,5.148670817678205
Air_Temperature,F,2015-01-19,31.13819444444444,1.4935758250399485
Air_Temperature,F,2015-01-20,25.361805555555556,1.210617164907601
Air_Temperature,F,2015-01-21,22.26111111111111,3.598486688749375
Air_Temperature,F,2015-01-22,25.720833333333335,0.9739886273226404
Air_Temperature,F,2015-01-23,26.211111111111112,2.450149449162706
Air_Temperature,F,2015-01-24,26.139259259259262,1.386776370198074
Air_Temperature,F,2015-01-25,20.10810810810811,3.6438973624387403
Air_Temperature,F,2015-01-26,18.11958041958042,1.6412919482323145
Air_Temperature,F,2015-01-27,19.050359712230215,0.7272515364065668
Air_Temperature,F,2015-01-28,16.186713286713285,3.891363455651137
Air_Temperature,F,2015-01-29,28.313986013986014,5.281186398381604
Air_Temperature,F,2015-01-30,22.03472222222222,6.611690424690971
Air_Temperature,F,2015-01-31,17.32986111111111,5.30392492037685
Air_Temperature,F,2015-02-01,26.77777777777778,2.392074455785231
Air_Temperature,F,2015-02-02,16.429166666666667,3.9207690661310406
Air_Temperature,F,2015-02-03,14.249305555555557,4.68601544738339
Air_Temperature,F,2015-02-04,28.37777777777778,3.076676175020094
Air_Temperature,F,2015-02-05,15.438636363636363,5.935020394627096
Air_Temperature,F,2015-02-06,,
Air_Temperature,F,2015-02-07,,
Air_Temperature,F,2015-02-08,,
Air_Temperature,F,2015-02-09,,
Air_Temperature,F,2015-02-10,,
Air_Temperature,F,2015-02-11,,
Air_Temperature,F,2015-02-12,,
Air_Temperature,F,2015-02-13,,
Air_Temperature,F,2015-02-14,,
Air_Temperature,F,2015-02-15,,
Air_Temperature,F,2015-02-16,,
Air_Temperature,F,2015-02-17,,
Air_Temperature,F,2015-02-18,,
Air_Temperature,F,2015-02-19,,
Air_Temperature,F,2015-02-20,,
Air_Temperature,F,2015-02-21,,
Air_Temperature,F,2015-02-22,,
Air_Temperature,F,2015-02-23,,
Air_Temperature,F,2015-02-24,,
Air_Temperature,F,2015-02-25,,
Air_Temperature,F,2015-02-26,,
Air_Temperature,F,2015-02-27,,
Air_Temperature,F,2015-02-28,,
Air_Temperature,F,2015-03-01,20.446853146853147,4.675871602048724
Air_Temperature,F,2015-03-02,21.125,1.3159324913073305
Air_Temperature,F,2015-03-03,23.07593984962406,6.687303102464646
Air_Temperature,F,2015-03-04,33.12222222222223,2.572893787116444
Air_Temperature,F,2015-03-05,15.073611111111111,7.64185187996994
Air_Temperature,F,2015-03-06,11.90486111111111,6.368402439460358
Air_Temperature,F,2015-03-07,25.55625,5.509466979536353
Air_Temperature,F,2015-03-08,33.118181818181824,2.0627861608309663
Air_Temperature,F,2015-03-09,35.170833333333334,1.9861715994288152
Air_Temperature,F,2015-03-10,41.24930555555555,3.7030510294839143
Air_Temperature,F,2015-03-11,37.54027777777778,4.645884251866427
Air_Temperature,F,2015-03-12,32.51875,1.7373305119326925
Air_Temperature,F,2015-03-13,43.10138888888889,8.951860267748955
Air_Temperature,F,2015-03-14,42.21319444444444,4.324208105324107
Air_Temperature,F,2015-03-15,33.447916666666664,1.594701399148921
Air_Temperature,F,2015-03-16,40.77708333333333,5.378820401917508
Air_Temperature,F,2015-03-17,39.84652777777777,9.335509418939651
Air_Temperature,F,2015-03-18,28.925694444444446,2.976287322766611
Air_Temperature,F,2015-03-19,28.662499999999998,1.7794819313654
Air_Temperature,F,2015-03-20,34.41527777777778,4.839238214401773
Air_Temperature,F,2015-03-21,38.12916666666667,3.27067656224598
Air_Temperature,F,2015-03-22,24.191666666666666,3.8505562217403395
Air_Temperature,F,2015-03-23,21.439583333333335,1.3076011640388687
Air_Temperature,F,2015-03-24,23.34861111111111,4.131424619446586
Air_Temperature,F,2015-03-25,38.84014084507042,6.1010295591932415
Air_Temperature,F,2015-03-26,37.37762237762238,5.381468195660367
Air_Temperature,F,2015-03-27,28.873611111111114,3.4771981750264214
Air_Temperature,F,2015-03-28,18.86388888888889,2.5575504865133167
Air_Temperature,F,2015-03-29,28.802083333333332,9.077910396552284
Air_Temperature,F,2015-03-30,38.25347222222222,2.082222897536952
Air_Temperature,F,2015-03-31,33.24305555555556,1.3861277137587387
Air_Temperature,F,2015-04-01,34.97083333333333,4.026830904429333
Air_Temperature,F,2015-04-02,52.63472222222222,6.933654819290406
Air_Temperature,F,2015-04-03,46.71388888888889,5.402364298669613
Air_Temperature,F,2015-04-04,33.067938931297704,4.150500751541867
Air_Temperature,F,2015-04-05,,
Air_Temperature,F,2015-04-06,,
Air_Temperature,F,2015-04-07,,
Air_Temperature,F,2015-04-08,,
Air_Temperature,F,2015-04-09,,
Air_Temperature,F,2015-04-10,,
Air_Temperature,F,2015-04-11,,
Air_Temperature,F,2015-04-12,,
Air_Temperature,F,2015-04-13,,
Air_Temperature,F,2015-04-14,,
Air_Temperature,F,2015-04-15,,
Air_Temperature,F,2015-04-16,,
Air_Temperature,F,2015-04-17,,
Air_Temperature,F,2015-04-18,,
Air_Temperature,F,2015-04-19,,
Air_Temperature,F,2015-04-20,,
Air_Temperature,F,2015-04-21,,
Air_Temperature,F,2015-04-22,,
Air_Temperature,F,2015-04-23,,
Air_Temperature,F,2015-04-24,,
Air_Temperature,F,2015-04-25,,
Air_Temperature,F,2015-04-26,,
Air_Temperature,F,2015-04-27,,
Air_Temperature,F,2015-04-28,,
Air_Temperature,F,2015-04-29,,
Air_Temperature,F,2015-04-30,,
Air_Temperature,F,2015-05-01,46.912213740458014,2.986998053120935
Air_Temperature,F,2015-05-02,51.64861111111111,3.7276135734009355
Air_Temperature,F,2015-05-03,62.65625,3.842924999586583
Air_Temperature,F,2015-05-04,67.20069444444444,4.651046901140888
Air_Temperature,F,2015-05-05,54.83541666666667,3.6144130427161536
Air_Temperature,F,2015-05-06,53.23100775193799,4.023598328331476
Air_Temperature,F,2015-05-07,59.52127659574468,5.044414287260693
Air_Temperature,F,2015-05-08,72.27916666666667,3.6235800208953766
Air_Temperature,F,2015-05-09,74.28611111111111,4.532009096317699
Air_Temperature,F,2015-05-10,70.12027972027973,3.3077493186467986
Air_Temperature,F,2015-05-11,71.91007194244604,3.0584711290055804
Air_Temperature,F,2015-05-12,59.28802816901408,6.2028188786836225
Air_Temperature,F,2015-05-13,46.09714285714286,2.5759245838066325
Air_Temperature,F,2015-05-14,48.01083333333334,4.650775589666117
Air_Temperature,F,2015-05-15,60.31748251748252,5.764013110566009
Air_Temperature,F,2015-05-16,65.37021276595745,2.8427569971861635
Air_Temperature,F,2015-05-17,66.77692307692307,3.5619731217253565
Air_Temperature,F,2015-05-18,71.32035398230089,1.9571827097366334
Air_Temperature,F,2015-05-19,56.68717948717949,6.197715176926496
Air_Temperature,F,2015-05-20,44.5,3.1530675321637673
Air_Temperature,F,2015-05-21,51.68888888888889,2.5782009583052097
Air_Temperature,F,2015-05-22,51.9273381294964,1.624442189897264
Air_Temperature,F,2015-05-23,52.112587412587416,7.566325201903981
Air_Temperature,F,2015-05-24,64.53819444444444,6.687259533905875
Air_Temperature,F,2015-05-25,73.5875,4.437032256447469
Air_Temperature,F,2015-05-26,73.77699115044247,3.3308356107728296
Air_Temperature,F,2015-05-27,74.71052631578948,5.935443346482063
Air_Temperature,F,2015-05-28,63.51830985915493,3.1887440366368542
Air_Temperature,F,2015-05-29,76.78484848484848,4.999084298433441
Air_Temperature,F,2015-05-30,73.73010752688171,2.803289408900091
Air_Temperature,F,2015-05-31,55.97142857142857,7.142591766498841
Air_Temperature,F,2015-06-01,47.1125,1.776504360235427
Air_Temperature,F,2015-06-02,51.38333333333333,1.1507761356083603
Air_Temperature,F,2015-06-03,57.17333333333333,2.331604801929554
Air_Temperature,F,2015-06-04,67.12040816326531,6.701460648987793
Air_Temperature,F,2015-06-05,67.31240310077519,3.2358347008523767
Air_Temperature,F,2015-06-06,59.65137614678899,3.2081382243386574
Air_Temperature,F,2015-06-07,67.35629629629629,9.968147834720192
Air_Temperature,F,2015-06-08,71.15454545454546,5.527722233817947
Air_Temperature,F,2015-06-09,60.93230769230769,3.140765615872366
Air_Temperature,F,2015-06-10,69.0078947368421,7.362404736821505
Air_Temperature,F,2015-06-11,67.04574468085107,5.339056033791061
Air_Temperature,F,2015-06-12,72.268,7.5797544432095405
Air_Temperature,F,2015-06-13,60.53258426966292,1.710381089971344
Air_Temperature,F,2015-06-14,,
Air_Temperature,F,2015-06-15,70.99193548387096,1.2306600104591103
Air_Temperature,F,2015-06-16,68.86126126126126,3.4393755028062536
Air_Temperature,F,2015-06-17,65.13225806451612,1.1838882539536724
Air_Temperature,F,2015-06-18,,
Air_Temperature,F,2015-06-19,,
Air_Temperature,F,2015-06-20,,
Air_Temperature,F,2015-06-21,,
Air_Temperature,F,2015-06-22,,
Air_Temperature,F,2015-06-23,,
Air_Temperature,F,2015-06-24,,
Air_Temperature,F,2015-06-25,,
Air_Temperature,F,2015-06-26,,
Air_Temperature,F,2015-06-27,,
Air_Temperature,F,2015-06-28,,
Air_Temperature,F,2015-06-29,,
Air_Temperature,F,2015-06-30,,
Air_Temperature,F,2015-07-01,,
Air_Temperature,F,2015-07-02,,
Air_Temperature,F,2015-07-03,,
Air_Temperature,F,2015-07-04,,
Air_Temperature,F,2015-07-05,,
Air_Temperature,F,2015-07-06,,
Air_Temperature,F,2015-07-07,,
Air_Temperature,F,2015-07-08,,
Air_Temperature,F,2015-07-09,,
Air_Temperature,F,2015-07-10,,
Air_Temperature,F,2015-07-11,,
Air_Temperature,F,2015-07-12,,
Air_Temperature,F,2015-07-13,71.17045454545455,4.454309837414655
Air_Temperature,F,2015-07-14,72.06546762589929,2.3028876715045405
Air_Temperature,F,2015-07-15,63.0041095890411,3.7533110699518986
Air_Temperature,F,2015-07-16,62.805882352941175,4.82884075956461
Air_Temperature,F,2015-07-17,,
Air_Temperature,F,2015-07-18,,
Air_Temperature,F,2015-07-19,,
Air_Temperature,F,2015-07-20,,
Air_Temperature,F,2015-07-21,,
Air_Temperature,F,2015-07-22,68.63220338983051,1.132199671370024
Air_Temperature,F,2015-07-23,67.33958333333334,4.967534019085251
Air_Temperature,F,2015-07-24,69.19027777777778,3.8330239563003836
Air_Temperature,F,2015-07-25,74.5375,3.93019288126117
Air_Temperature,F,2015-07-26,73.79027777777777,2.4603234605822877
Air_Temperature,F,2015-07-27,73.08888888888889,4.880288755516258
Air_Temperature,F,2015-07-28,76.07916666666667,3.5821990940831867
Air_Temperature,F,2015-07-29,78.4121212121212,3.0083859968106057
Air_Temperature,F,2015-07-30,76.69572649572649,2.5963964803495023
Air_Temperature,F,2015-07-31,75.06319444444445,2.72675802090767
Air_Temperature,F,2015-08-01,72.74305555555556,1.4676298754922759
Air_Temperature,F,2015-08-02,73.07361111111112,5.778801217557463
Air_Temperature,F,2015-08-03,71.99097222222223,4.742943425225251
Air_Temperature,F,2015-08-04,70.26597222222222,4.10333589677234
Air_Temperature,F,2015-08-05,68.30625,2.2153696671747003
Air_Temperature,F,2015-08-06,65.75833333333334,3.8728298683018862
Air_Temperature,F,2015-08-07,67.28518518518518,4.097296497064072
Air_Temperature,F,2015-08-08,69.96527777777777,2.76499900591656
Air_Temperature,F,2015-08-09,68.36261682242991,1.8167731795004265
Air_Temperature,F,2015-08-10,71.64930555555556,3.2360944372317633
Air_Temperature,F,2015-08-11,69.2826388888889,1.3179412776539836
Air_Temperature,F,2015-08-12,67.41666666666667,1.875495272583345
Air_Temperature,F,2015-08-13,67.24375,5.98193923639918
Air_Temperature,F,2015-08-14,73.53541666666666,3.29129958709748
Air_Temperature,F,2015-08-15,72.49513888888889,2.2435713868713036
Air_Temperature,F,2015-08-16,72.51458333333333,4.110075778145444
Air_Temperature,F,2015-08-17,75.44375,2.7639972764197744
Air_Temperature,F,2015-08-18,74.23055555555555,2.222116353344516
Air_Temperature,F,2015-08-19,77.12291666666667,6.6821096994112015
Air_Temperature,F,2015-08-20,74.76041666666667,3.5948334867143426
Air_Temperature,F,2015-08-21,69.40069444444445,1.508924339132893
Air_Temperature,F,2015-08-22,65.63819444444444,5.405513845505806
Air_Temperature,F,2015-08-23,68.17368421052632,4.360304665766996
Air_Temperature,F,2015-08-24,,
Air_Temperature,F,2015-08-25,,
Air_Temperature,F,2015-08-26,,
Air_Temperature,F,2015-08-27,,
Air_Temperature,F,2015-08-28,,
Air_Temperature,F,2015-08-29,,
Air_Temperature,F,2015-08-30,,
Air_Temperature,F,2015-08-31,,
Air_Temperature,F,2015-09-01,72.42727272727274,3.806484123550565
Air_Temperature,F,2015-09-02,74.25625,2.3421859000108642
Air_Temperature,F,2015-09-03,74.16041666666666,1.9799773520637258
Air_Temperature,F,2015-09-04,74.4048611111111,2.754432660508216
Air_Temperature,F,2015-09-05,74.35,3.2937108963191455
Air_Temperature,F,2015-09-06,75.81736111111111,3.6816750873897712
Air_Temperature,F,2015-09-07,78.02777777777777,3.5291680599012443
Air_Temperature,F,2015-09-08,79.37986111111111,2.436855128570002
Air_Temperature,F,2015-09-09,76.09583333333333,2.8927900486786413
Air_Temperature,F,2015-09-10,68.83958333333334,2.3009337949344286
Air_Temperature,F,2015-09-11,65.49166666666666,4.223320206476591
Air_Temperature,F,2015-09-12,58.93958333333333,1.9954219894758813
Air_Temperature,F,2015-09-13,57.022935779816514,1.1705991681631394
Air_Temperature,F,2015-09-14,,
Air_Temperature,F,2015-09-15,,
Air_Temperature,F,2015-09-16,,
Air_Temperature,F,2015-09-17,,
Air_Temperature,F,2015-09-18,,
Air_Temperature,F,2015-09-19,,
Air_Temperature,F,2015-09-20,61.98103448275862,0.43546985979522856
Air_Temperature,F,2015-09-21,59.17152777777778,5.17608355865862
Air_Temperature,F,2015-09-22,61.72222222222222,4.067789978221004
Air_Temperature,F,2015-09-23,63.608333333333334,3.7629868362870855
Air_Temperature,F,2015-09-24,65.17361111111111,3.929518665004277
Air_Temperature,F,2015-09-25,66.81805555555555,3.155628843114063
Air_Temperature,F,2015-09-26,65.1236111111111,2.4951977964706735
Air_Temperature,F,2015-09-27,65.28888888888889,5.09666161285597
Air_Temperature,F,2015-09-28,67.21180555555556,2.4977331408791184
Air_Temperature,F,2015-09-29,68.51736111111111,0.9892661588382302
Air_Temperature,F,2015-09-30,58.88055555555555,1.7226698167644605
Air_Temperature,F,2015-10-01,52.766666666666666,1.8926061507767686
Air_Temperature,F,2015-10-02,49.11666666666667,2.0886305614870277
Air_Temperature,F,2015-10-03,45.52777777777778,1.3337178932605807
Air_Temperature,F,2015-10-04,52.90555555555555,4.4528890249163675
Air_Temperature,F,2015-10-05,57.727777777777774,2.848222226647677
Air_Temperature,F,2015-10-06,59.02361111111111,2.646490910888259
Air_Temperature,F,2015-10-07,60.794444444444444,1.9639327526755663
Air_Temperature,F,2015-10-08,57.605154639175254,3.6083344245770195
Air_Temperature,F,2015-10-09,,
Air_Temperature,F,2015-10-10,,
Air_Temperature,F,2015-10-11,,
Air_Temperature,F,2015-10-12,,
Air_Temperature,F,2015-10-13,,
Air_Temperature,F,2015-10-14,,
Air_Temperature,F,2015-10-15,,
Air_Temperature,F,2015-10-16,,
Air_Temperature,F,2015-10-17,,
Air_Temperature,F,2015-10-18,,
Air_Temperature,F,2015-10-19,58.26666666666667,0.31430539096216265
Air_Temperature,F,2015-10-20,59.606249999999996,3.002870858296856
Air_Temperature,F,2015-10-21,63.358333333333334,3.0982173985940755
Air_Temperature,F,2015-10-22,62.79097222222222,3.4122140382132575
Air_Temperature,F,2015-10-23,50.090598290598294,2.7895736575123298
Barometric_Pressure,atm,2014-05-06,29.222689075630253,0.04205922940273525
Barometric_Pressure,atm,2014-05-07,29.27361111111111,0.044227813150769894
Barometric_Pressure,atm,2014-05-08,29.200000000000003,0.0
Barometric_Pressure,atm,2014-05-09,29.10138888888889,0.06583100966658205
Barometric_Pressure,atm,2014-05-10,29.06527777777778,0.04777488652460983
Barometric_Pressure,atm,2014-05-11,29.240972222222222,0.06937603468082358
Barometric_Pressure,atm,2014-05-12,29.239583333333332,0.04907358539190838
Barometric_Pressure,atm,2014-05-13,29.19236111111111,0.026654644726015635
Barometric_Pressure,atm,2014-05-14,29.239583333333332,0.049073585391907405
Barometric_Pressure,atm,2014-05-15,29.05735294117647,0.07565257131678177
Barometric_Pressure,atm,2014-05-16,29.14779411764706,0.050135980669917445
Barometric_Pressure,atm,2014-05-17,29.240972222222222,0.04934989169605217
Barometric_Pressure,atm,2014-05-18,29.415277777777778,0.051980959995176816
Barometric_Pressure,atm,2014-05-19,29.43680555555555,0.048395988647526325
Barometric_Pressure,atm,2014-05-20,29.327777777777776,0.08645662192537822
Barometric_Pressure,atm,2014-05-21,29.08888888888889,0.03153666111941896
Barometric_Pressure,atm,2014-05-22,29.07272727272727,0.08322870085088863
Barometric_Pressure,atm,2014-05-23,29.23263888888889,0.04705280638778818
Barometric_Pressure,atm,2014-05-24,29.325000000000003,0.04345240946267255
Barometric_Pressure,atm,2014-05-25,29.337500000000002,0.04858127067234256
Barometric_Pressure,atm,2014-05-26,29.274305555555557,0.04384736363330589
Barometric_Pressure,atm,2014-05-27,29.10763888888889,0.026654644726016145
Barometric_Pressure,atm,2014-05-28,29.146853146853147,0.05007627394144337
Barometric_Pressure,atm,2014-05-29,29.279166666666665,0.04075339447014834
Barometric_Pressure,atm,2014-05-30,29.34444444444445,0.049863839467114424
Barometric_Pressure,atm,2014-05-31,29.393749999999997,0.031774445465115785
Barometric_Pressure,atm,2014-06-01,29.37847222222222,0.041244952129271185
Barometric_Pressure,atm,2014-06-02,29.239583333333332,0.06501075758209927
Barometric_Pressure,atm,2014-06-03,29.072027972027975,0.04504394474881594
Barometric_Pressure,atm,2014-06-04,29.08402777777778,0.03676269476651357
Barometric_Pressure,atm,2014-06-05,29.036363636363635,0.04827365441550312
Barometric_Pressure,atm,2014-06-06,29.16111111111111,0.0489199590470209
Barometric_Pressure,atm,2014-06-07,29.21875,0.039167472590033316
Barometric_Pressure,atm,2014-06-08,29.056250000000002,0.06554638564656792
Barometric_Pressure,atm,2014-06-09,29.13049645390071,0.04620337404399757
Barometric_Pressure,atm,2014-06-10,29.1,0.0
Barometric_Pressure,atm,2014-06-11,,
Barometric_Pressure,atm,2014-06-12,,
Barometric_Pressure,atm,2014-06-13,,
Barometric_Pressure,atm,2014-06-14,,
Barometric_Pressure,atm,2014-06-15,,
Barometric_Pressure,atm,2014-06-16,,
Barometric_Pressure,atm,2014-06-17,,
Barometric_Pressure,atm,2014-06-18,,
Barometric_Pressure,atm,2014-06-19,,
Barometric_Pressure,atm,2014-06-20,,
Barometric_Pressure,atm,2014-06-21,,
Barometric_Pressure,atm,2014-06-22,,
Barometric_Pressure,atm,2014-06-23,,
Barometric_Pressure,atm,2014-06-24,,
Barometric_Pressure,atm,2014-06-25,,
Barometric_Pressure,atm,2014-06-26,,
Barometric_Pressure,atm,2014-06-27,,
Barometric_Pressure,atm,2014-06-28,,
Barometric_Pressure,atm,2014-06-29,,
Barometric_Pressure,atm,2014-06-30,,
Barometric_Pressure,atm,2014-07-01,28.99230769230769,0.066159137080868
Barometric_Pressure,atm,2014-07-02,29.038194444444443,0.060298242187299934
Barometric_Pressure,atm,2014-07-03,29.135416666666668,0.047992933629044256
Barometric_Pressure,atm,2014-07-04,29.349999999999998,0.06257862187747548
Barometric_Pressure,atm,2014-07-05,29.438888888888886,0.04891995904702246
Barometric_Pressure,atm,2014-07-06,29.230555555555554,0.07869368585024068
Barometric_Pressure,atm,2014-07-07,28.945833333333333,0.07083419031429912
Barometric_Pressure,atm,2014-07-08,28.872027972027972,0.05091500014951302
Barometric_Pressure,atm,2014-07-09,29.028472222222224,0.0686158806920083
Barometric_Pressure,atm,2014-07-10,29.262500000000003,0.05000000000000465
Barometric_Pressure,atm,2014-07-11,29.391666666666666,0.027735009811265303
Barometric_Pressure,atm,2014-07-12,29.342361111111114,0.05619628575824597
Barometric_Pressure,atm,2014-07-13,29.09375,0.07117274366328223
Barometric_Pressure,atm,2014-07-14,29.06760563380282,0.04696353765150789
Barometric_Pressure,atm,2014-07-15,28.952447552447552,0.05011559571738322
Barometric_Pressure,atm,2014-07-16,29.05763888888889,0.04958550023667741
Barometric_Pressure,atm,2014-07-17,29.238888888888887,0.0638081818537786
Barometric_Pressure,atm,2014-07-18,29.377083333333335,0.04217636961434464
Barometric_Pressure,atm,2014-07-19,29.336805555555557,0.04839598864752672
Barometric_Pressure,atm,2014-07-20,29.27708333333333,0.0421763696143513
Barometric_Pressure,atm,2014-07-21,29.299999999999997,0.0
Barometric_Pressure,atm,2014-07-22,29.27708333333333,0.042176369614348355
Barometric_Pressure,atm,2014-07-23,29.14861111111111,0.050155159410973996
Barometric_Pressure,atm,2014-07-24,29.216666666666665,0.03739787960033896
Barometric_Pressure,atm,2014-07-25,29.23263888888889,0.04705280638778699
Barometric_Pressure,atm,2014-07-26,29.13263888888889,0.07369362120122575
Barometric_Pressure,atm,2014-07-27,28.949305555555554,0.06996155565465448
Barometric_Pressure,atm,2014-07-28,28.88472222222222,0.09558026279303915
Barometric_Pressure,atm,2014-07-29,29.143749999999997,0.04978098887273381
Barometric_Pressure,atm,2014-07-30,29.187323943661973,0.03338822769893956
Barometric_Pressure,atm,2014-07-31,29.22361111111111,0.04261735932972806
Barometric_Pressure,atm,2014-08-01,29.299999999999997,0.0
Barometric_Pressure,atm,2014-08-02,29.2993006993007,0.008362420100071022
Barometric_Pressure,atm,2014-08-03,29.299999999999997,0.0
Barometric_Pressure,atm,2014-08-04,29.3,0.0
Barometric_Pressure,atm,2014-08-05,,
Barometric_Pressure,atm,2014-08-06,,
Barometric_Pressure,atm,2014-08-07,,
Barometric_Pressure,atm,2014-08-08,,
Barometric_Pressure,atm,2014-08-09,,
Barometric_Pressure,atm,2014-08-10,,
Barometric_Pressure,atm,2014-08-11,,
Barometric_Pressure,atm,2014-08-12,,
Barometric_Pressure,atm,2014-08-13,,
Barometric_Pressure,atm,2014-08-14,,
Barometric_Pressure,atm,2014-08-15,,
Barometric_Pressure,atm,2014-08-16,,
Barometric_Pressure,atm,2014-08-17,,
Barometric_Pressure,atm,2014-08-18,,
Barometric_Pressure,atm,2014-08-19,,
Barometric_Pressure,atm,2014-08-20,,
Barometric_Pressure,atm,2014-08-21,,
Barometric_Pressure,atm,2014-08-22,,
Barometric_Pressure,atm,2014-08-23,,
Barometric_Pressure,atm,2014-08-24,,
Barometric_Pressure,atm,2014-08-25,,
Barometric_Pressure,atm,2014-08-26,,
Barometric_Pressure,atm,2014-08-27,,
Barometric_Pressure,atm,2014-08-28,,
Barometric_Pressure,atm,2014-08-29,,
Barometric_Pressure,atm,2014-08-30,,
Barometric_Pressure,atm,2014-08-31,,
Barometric_Pressure,atm,2014-09-01,29.150359712230216,0.06954729463624672
Barometric_Pressure,atm,2014-09-02,29.081249999999997,0.039167472590032504
Barometric_Pressure,atm,2014-09-03,29.22027972027972,0.07558172571391225
Barometric_Pressure,atm,2014-09-04,29.293055555555554,0.025509569787399128
Barometric_Pressure,atm,2014-09-05,29.21944444444445,0.06507422096847677
Barometric_Pressure,atm,2014-09-06,29.169285714285714,0.046296555136113846
Barometric_Pressure,atm,2014-09-07,29.350694444444443,0.05154470905783831
Barometric_Pressure,atm,2014-09-08,29.377083333333335,0.04217636961434666
Barometric_Pressure,atm,2014-09-09,29.279861111111114,0.04024376963656849
Barometric_Pressure,atm,2014-09-10,29.12986111111111,0.10247282505952653
Barometric_Pressure,atm,2014-09-11,29.022916666666667,0.16029638196145116
Barometric_Pressure,atm,2014-09-12,29.37013888888889,0.0459246282954056
Barometric_Pressure,atm,2014-09-13,29.321527777777778,0.07209472638583903
Barometric_Pressure,atm,2014-09-14,29.475694444444443,0.04304255136096496
Barometric_Pressure,atm,2014-09-15,29.363888888888887,0.05623515948579671
Barometric_Pressure,atm,2014-09-16,29.270833333333332,0.04561161672666344
Barometric_Pressure,atm,2014-09-17,29.21888111888112,0.0392734167180677
Barometric_Pressure,atm,2014-09-18,29.24513888888889,0.049936828780837814
Barometric_Pressure,atm,2014-09-19,29.396527777777774,0.05598850337089687
Barometric_Pressure,atm,2014-09-20,29.203472222222224,0.07233681364018264
Barometric_Pressure,atm,2014-09-21,28.929166666666667,0.08680417636821963
Barometric_Pressure,atm,2014-09-22,29.185416666666665,0.14530832904383187
Barometric_Pressure,atm,2014-09-23,29.465972222222224,0.047545626881836396
Barometric_Pressure,atm,2014-09-24,29.591666666666665,0.027735009811266653
Barometric_Pressure,atm,2014-09-25,29.552083333333332,0.0501309474088812
Barometric_Pressure,atm,2014-09-26,29.48194444444444,0.038599209705629425
Barometric_Pressure,atm,2014-09-27,29.47847222222222,0.04124495212927456
Barometric_Pressure,atm,2014-09-28,29.364583333333332,0.04799293362904411
Barometric_Pressure,atm,2014-09-29,29.190277777777776,0.05330928945203129
Barometric_Pressure,atm,2014-09-30,29.094326241134752,0.023216526273295603
Barometric_Pressure,atm,2014-10-01,29.19166666666667,0.027735009811265855
Barometric_Pressure,atm,2014-10-02,29.220138888888886,0.040243769636568304
Barometric_Pressure,atm,2014-10-03,28.957342657342654,0.14016565174143172
Barometric_Pressure,atm,2014-10-04,28.818749999999998,0.03916747259003395
Barometric_Pressure,atm,2014-10-05,28.935294117647057,0.04799052748008671
Barometric_Pressure,atm,2014-10-06,,
Barometric_Pressure,atm,2014-10-07,,
Barometric_Pressure,atm,2014-10-08,,
Barometric_Pressure,atm,2014-10-09,,
Barometric_Pressure,atm,2014-10-10,,
Barometric_Pressure,atm,2014-10-11,,
Barometric_Pressure,atm,2014-10-12,,
Barometric_Pressure,atm,2014-10-13,,
Barometric_Pressure,atm,2014-10-14,,
Barometric_Pressure,atm,2014-10-15,,
Barometric_Pressure,atm,2014-10-16,,
Barometric_Pressure,atm,2014-10-17,,
Barometric_Pressure,atm,2014-10-18,,
Barometric_Pressure,atm,2014-10-19,,
Barometric_Pressure,atm,2014-10-20,,
Barometric_Pressure,atm,2014-10-21,,
Barometric_Pressure,atm,2014-10-22,,
Barometric_Pressure,atm,2014-10-23,,
Barometric_Pressure,atm,2014-10-24,,
Barometric_Pressure,atm,2014-10-25,,
Barometric_Pressure,atm,2014-10-26,,
Barometric_Pressure,atm,2014-10-27,,
Barometric_Pressure,atm,2014-10-28,,
Barometric_Pressure,atm,2014-10-29,,
Barometric_Pressure,atm,2014-10-30,,
Barometric_Pressure,atm,2014-10-31,,
Barometric_Pressure,atm,2014-11-01,29.22027972027972,0.09826626701836481
Barometric_Pressure,atm,2014-11-02,29.456521739130434,0.04975343840831189
Barometric_Pressure,atm,2014-11-03,29.387500000000003,0.06354889093022588
Barometric_Pressure,atm,2014-11-04,29.21527777777778,0.08220683826765172
Barometric_Pressure,atm,2014-11-05,29.25416666666667,0.07181464096786362
Barometric_Pressure,atm,2014-11-06,29.068749999999998,0.14410017397581648
Barometric_Pressure,atm,2014-11-07,29.09791666666667,0.08965259289383258
Barometric_Pressure,atm,2014-11-08,29.05277777777778,0.11339913076986874
Barometric_Pressure,atm,2014-11-09,29.06319444444445,0.048395988647524854
Barometric_Pressure,atm,2014-11-10,29.131944444444443,0.059898256133218655
Barometric_Pressure,atm,2014-11-11,28.974999999999998,0.04345240946267286
Barometric_Pressure,atm,2014-11-12,29.17013888888889,0.1419543219702395
Barometric_Pressure,atm,2014-11-13,29.296527777777776,0.029949128066611475
Barometric_Pressure,atm,2014-11-14,29.310416666666665,0.030654287052307726
Barometric_Pressure,atm,2014-11-15,29.474305555555556,0.04384736363330617
Barometric_Pressure,atm,2014-11-16,29.33402777777778,0.08207381501496341
Barometric_Pressure,atm,2014-11-17,28.941549295774646,0.14204332459968888
Barometric_Pressure,atm,2014-11-18,29.01888111888112,0.08471247887774537
Barometric_Pressure,atm,2014-11-19,29.202777777777776,0.11881962850516024
Barometric_Pressure,atm,2014-11-20,29.056250000000002,0.05383054219239339
Barometric_Pressure,atm,2014-11-21,29.437062937062937,0.16040368163309884
Barometric_Pressure,atm,2014-11-22,29.39861111111111,0.1495850255730196
Barometric_Pressure,atm,2014-11-23,29.154166666666665,0.08351960533625756
Barometric_Pressure,atm,2014-11-24,28.573758865248227,0.14224997618424373
Barometric_Pressure,atm,2014-11-25,29.063888888888886,0.14799882399415562
Barometric_Pressure,atm,2014-11-26,29.310416666666665,0.07453234150400133
Barometric_Pressure,atm,2014-11-27,29.231250000000003,0.04651302547095267
Barometric_Pressure,atm,2014-11-28,29.407638888888886,0.059225610023649754
Barometric_Pressure,atm,2014-11-29,29.22847222222222,0.12828246501915128
Barometric_Pressure,atm,2014-11-30,29.002083333333335,0.014332465957384449
Barometric_Pressure,atm,2014-12-01,29.400694444444444,0.20771703714756767
Barometric_Pressure,atm,2014-12-02,29.61180555555556,0.16619835136634964
Barometric_Pressure,atm,2014-12-03,29.238888888888887,0.05560991901147577
Barometric_Pressure,atm,2014-12-04,29.52708333333333,0.07952547201557805
Barometric_Pressure,atm,2014-12-05,29.523728813559323,0.07001582983611823
Barometric_Pressure,atm,2014-12-06,,
Barometric_Pressure,atm,2014-12-07,,
Barometric_Pressure,atm,2014-12-08,,
Barometric_Pressure,atm,2014-12-09,,
Barometric_Pressure,atm,2014-12-10,,
Barometric_Pressure,atm,2014-12-11,,
Barometric_Pressure,atm,2014-12-12,,
Barometric_Pressure,atm,2014-12-13,,
Barometric_Pressure,atm,2014-12-14,,
Barometric_Pressure,atm,2014-12-15,,
Barometric_Pressure,atm,2014-12-16,,
Barometric_Pressure,atm,2014-12-17,,
Barometric_Pressure,atm,2014-12-18,,
Barometric_Pressure,atm,2014-12-19,,
Barometric_Pressure,atm,2014-12-20,,
Barometric_Pressure,atm,2014-12-21,,
Barometric_Pressure,atm,2014-12-22,,
Barometric_Pressure,atm,2014-12-23,,
Barometric_Pressure,atm,2014-12-24,,
Barometric_Pressure,atm,2014-12-25,,
Barometric_Pressure,atm,2014-12-26,,
Barometric_Pressure,atm,2014-12-27,,
Barometric_Pressure,atm,2014-12-28,,
Barometric_Pressure,atm,2014-12-29,,
Barometric_Pressure,atm,2014-12-30,,
Barometric_Pressure,atm,2014-12-31,,
Barometric_Pressure,atm,2015-01-01,29.19090909090909,0.07497332005179876
Barometric_Pressure,atm,2015-01-02,29.34195804195804,0.11892273939594307
Barometric_Pressure,atm,2015-01-03,29.349305555555556,0.1824451360306135
Barometric_Pressure,atm,2015-01-04,28.892253521126758,0.08084127137623943
Barometric_Pressure,atm,2015-01-05,29.414583333333333,0.18050773379011578
Barometric_Pressure,atm,2015-01-06,29.41597222222222,0.10817183587304693
Barometric_Pressure,atm,2015-01-07,29.275694444444444,0.1556607966229248
Barometric_Pressure,atm,2015-01-08,29.48263888888889,0.10795613011554897
Barometric_Pressure,atm,2015-01-09,29.104166666666668,0.1157976291168846
Barometric_Pressure,atm,2015-01-10,29.515972222222224,0.09509891386763852
Barometric_Pressure,atm,2015-01-11,29.5625,0.04858127067234652
Barometric_Pressure,atm,2015-01-12,29.436111111111114,0.04819992036541523
Barometric_Pressure,atm,2015-01-13,29.760416666666668,0.08867221795896871
Barometric_Pressure,atm,2015-01-14,29.520138888888887,0.10281347161539384
Barometric_Pressure,atm,2015-01-15,29.305555555555557,0.09591501029394676
Barometric_Pressure,atm,2015-01-16,29.193750000000005,0.11170562587957315
Barometric_Pressure,atm,2015-01-17,29.287499999999998,0.16295994617065698
Barometric_Pressure,atm,2015-01-18,28.915277777777778,0.036102891898278235
Barometric_Pressure,atm,2015-01-19,29.081249999999997,0.05667814911773295
Barometric_Pressure,atm,2015-01-20,29.15277777777778,0.05009703094707784
Barometric_Pressure,atm,2015-01-21,29.203472222222224,0.01837143741000373
Barometric_Pressure,atm,2015-01-22,29.420833333333334,0.11458346577657845
Barometric_Pressure,atm,2015-01-23,29.43263888888889,0.1388412894347482
Barometric_Pressure,atm,2015-01-24,28.9,0.14247283061231816
Barometric_Pressure,atm,2015-01-25,29.075675675675676,0.07228571937267288
Barometric_Pressure,atm,2015-01-26,29.037062937062938,0.04846709596532811
Barometric_Pressure,atm,2015-01-27,29.15611510791367,0.06927691536133528
Barometric_Pressure,atm,2015-01-28,29.418881118881117,0.08635910038009005
Barometric_Pressure,atm,2015-01-29,29.17972027972028,0.22220389081400005
Barometric_Pressure,atm,2015-01-30,29.288194444444443,0.183019173506542
Barometric_Pressure,atm,2015-01-31,29.498611111111114,0.0719227549033187
Barometric_Pressure,atm,2015-02-01,29.28472222222222,0.11114121581289971
Barometric_Pressure,atm,2015-02-02,28.87916666666667,0.19355886692434376
Barometric_Pressure,atm,2015-02-03,29.34722222222222,0.05009703094707717
Barometric_Pressure,atm,2015-02-04,29.21388888888889,0.07719841941125602
Barometric_Pressure,atm,2015-02-05,29.33181818181818,0.09772757648612637
Barometric_Pressure,atm,2015-02-06,,
Barometric_Pressure,atm,2015-02-07,,
Barometric_Pressure,atm,2015-02-08,,
Barometric_Pressure,atm,2015-02-09,,
Barometric_Pressure,atm,2015-02-10,,
Barometric_Pressure,atm,2015-02-11,,
Barometric_Pressure,atm,2015-02-12,,
Barometric_Pressure,atm,2015-02-13,,
Barometric_Pressure,atm,2015-02-14,,
Barometric_Pressure,atm,2015-02-15,,
Barometric_Pressure,atm,2015-02-16,,
Barometric_Pressure,atm,2015-02-17,,
Barometric_Pressure,atm,2015-02-18,,
Barometric_Pressure,atm,2015-02-19,,
Barometric_Pressure,atm,2015-02-20,,
Barometric_Pressure,atm,2015-02-21,,
Barometric_Pressure,atm,2015-02-22,,
Barometric_Pressure,atm,2015-02-23,,
Barometric_Pressure,atm,2015-02-24,,
Barometric_Pressure,atm,2015-02-25,,
Barometric_Pressure,atm,2015-02-26,,
Barometric_Pressure,atm,2015-02-27,,
Barometric_Pressure,atm,2015-02-28,,
Barometric_Pressure,atm,2015-03-01,29.590209790209787,0.13957414371443297
Barometric_Pressure,atm,2015-03-02,29.488194444444446,0.09198398141009444
Barometric_Pressure,atm,2015-03-03,29.351879699248123,0.26331266808807907
Barometric_Pressure,atm,2015-03-04,29.02152777777778,0.08941393834214088
Barometric_Pressure,atm,2015-03-05,29.422222222222224,0.12761636370754298
Barometric_Pressure,atm,2015-03-06,29.647916666666667,0.07569607060405971
Barometric_Pressure,atm,2015-03-07,29.311111111111114,0.09395067230589156
Barometric_Pressure,atm,2015-03-08,29.26818181818182,0.05569571340171015
Barometric_Pressure,atm,2015-03-09,29.34861111111111,0.050155159410970936
Barometric_Pressure,atm,2015-03-10,29.29513888888889,0.07962311671141649
Barometric_Pressure,atm,2015-03-11,29.290277777777778,0.09917100047335511
Barometric_Pressure,atm,2015-03-12,29.681944444444444,0.11626637956808897
Barometric_Pressure,atm,2015-03-13,29.53888888888889,0.13695546267600753
Barometric_Pressure,atm,2015-03-14,29.127777777777776,0.10867571858704843
Barometric_Pressure,atm,2015-03-15,29.243750000000002,0.11139217559243401
Barometric_Pressure,atm,2015-03-16,29.15625,0.10820774502741068
Barometric_Pressure,atm,2015-03-17,29.083333333333332,0.16891260619464962
Barometric_Pressure,atm,2015-03-18,29.390277777777776,0.02972941950052804
Barometric_Pressure,atm,2015-03-19,29.45069444444444,0.050169681003536
Barometric_Pressure,atm,2015-03-20,29.296527777777776,0.06836061766963197
Barometric_Pressure,atm,2015-03-21,29.179166666666667,0.04858127067234603
Barometric_Pressure,atm,2015-03-22,29.39861111111111,0.061435179451848565
Barometric_Pressure,atm,2015-03-23,29.477777777777778,0.041719081251650546
Barometric_Pressure,atm,2015-03-24,29.498611111111114,0.011743834038236563
Barometric_Pressure,atm,2015-03-25,29.254929577464786,0.14320419621646768
Barometric_Pressure,atm,2015-03-26,29.087412587412587,0.08380656203688583
Barometric_Pressure,atm,2015-03-27,29.09652777777778,0.04166666666666793
Barometric_Pressure,atm,2015-03-28,29.297916666666666,0.09347132240365502
Barometric_Pressure,atm,2015-03-29,29.411805555555556,0.1298178001187081
Barometric_Pressure,atm,2015-03-30,29.022222222222222,0.07613426164629278
Barometric_Pressure,atm,2015-03-31,29.04097222222222,0.08803463594005216
Barometric_Pressure,atm,2015-04-01,29.24930555555555,0.06996155565465915
Barometric_Pressure,atm,2015-04-02,29.109027777777776,0.13375334487390897
Barometric_Pressure,atm,2015-04-03,28.988194444444446,0.03447209833075993
Barometric_Pressure,atm,2015-04-04,29.216030534351148,0.16258337217143387
Barometric_Pressure,atm,2015-04-05,,
Barometric_Pressure,atm,2015-04-06,,
Barometric_Pressure,atm,2015-04-07,,
Barometric_Pressure,atm,2015-04-08,,
Barometric_Pressure,atm,2015-04-09,,
Barometric_Pressure,atm,2015-04-10,,
Barometric_Pressure,atm,2015-04-11,,
Barometric_Pressure,atm,2015-04-12,,
Barometric_Pressure,atm,2015-04-13,,
Barometric_Pressure,atm,2015-04-14,,
Barometric_Pressure,atm,2015-04-15,,
Barometric_Pressure,atm,2015-04-16,,
Barometric_Pressure,atm,2015-04-17,,
Barometric_Pressure,atm,2015-04-18,,
Barometric_Pressure,atm,2015-04-19,,
Barometric_Pressure,atm,2015-04-20,,
Barometric_Pressure,atm,2015-04-21,,
Barometric_Pressure,atm,2015-04-22,,
Barometric_Pressure,atm,2015-04-23,,
Barometric_Pressure,atm,2015-04-24,,
Barometric_Pressure,atm,2015-04-25,,
Barometric_Pressure,atm,2015-04-26,,
Barometric_Pressure,atm,2015-04-27,,
Barometric_Pressure,atm,2015-04-28,,
Barometric_Pressure,atm,2015-04-29,,
Barometric_Pressure,atm,2015-04-30,,
Barometric_Pressure,atm,2015-05-01,29.161068702290077,0.048946625693340795
Barometric_Pressure,atm,2015-05-02,29.229861111111113,0.04592462829540968
Barometric_Pressure,atm,2015-05-03,29.24930555555555,0.050169681003542285
Barometric_Pressure,atm,2015-05-04,29.299999999999997,0.0
Barometric_Pressure,atm,2015-05-05,29.408333333333335,0.04181210050035591
Barometric_Pressure,atm,2015-05-06,29.399224806201552,0.008804509063256026
Barometric_Pressure,atm,2015-05-07,29.347517730496453,0.050116379249683464
Barometric_Pressure,atm,2015-05-08,29.234027777777776,0.04754562688183477
Barometric_Pressure,atm,2015-05-09,29.23263888888889,0.04705280638779025
Barometric_Pressure,atm,2015-05-10,29.26153846153846,0.04882142932152796
Barometric_Pressure,atm,2015-05-11,29.16187050359712,0.0695697788098924
Barometric_Pressure,atm,2015-05-12,29.092957746478874,0.0759319285705695
Barometric_Pressure,atm,2015-05-13,29.42642857142857,0.10499106798988654
Barometric_Pressure,atm,2015-05-14,29.5825,0.05600495176186194
Barometric_Pressure,atm,2015-05-15,29.335664335664337,0.08672897269663375
Barometric_Pressure,atm,2015-05-16,29.248936170212765,0.05052911526398994
Barometric_Pressure,atm,2015-05-17,29.317094017094018,0.037807585196346485
Barometric_Pressure,atm,2015-05-18,29.244247787610618,0.049889257892830496
Barometric_Pressure,atm,2015-05-19,29.1974358974359,0.048597051498058035
Barometric_Pressure,atm,2015-05-20,29.31090909090909,0.04356889418438833
Barometric_Pressure,atm,2015-05-21,29.17676767676768,0.056835392157445944
Barometric_Pressure,atm,2015-05-22,29.241726618705034,0.11414412487216416
Barometric_Pressure,atm,2015-05-23,29.545454545454547,0.052711375589310626
Barometric_Pressure,atm,2015-05-24,29.474305555555556,0.043847363633306956
Barometric_Pressure,atm,2015-05-25,29.28472222222222,0.06067158462609492
Barometric_Pressure,atm,2015-05-26,29.255752212389382,0.04988925789283036
Barometric_Pressure,atm,2015-05-27,29.20921052631579,0.029109593282158175
Barometric_Pressure,atm,2015-05-28,29.363380281690137,0.09745245964750428
Barometric_Pressure,atm,2015-05-29,29.334848484848482,0.06443225241690087
Barometric_Pressure,atm,2015-05-30,29.197849462365593,0.014584794223227223
Barometric_Pressure,atm,2015-05-31,29.208730158730155,0.028340335269270295
Barometric_Pressure,atm,2015-06-01,29.296875,0.06948833738302992
Barometric_Pressure,atm,2015-06-02,29.31666666666667,0.03779644730092145
Barometric_Pressure,atm,2015-06-03,29.333333333333332,0.04879500364742571
Barometric_Pressure,atm,2015-06-04,29.271428571428572,0.04564354645876417
Barometric_Pressure,atm,2015-06-05,29.17906976744186,0.04083966095570091
Barometric_Pressure,atm,2015-06-06,29.242201834862385,0.053217892392279455
Barometric_Pressure,atm,2015-06-07,29.17185185185185,0.09973984955788238
Barometric_Pressure,atm,2015-06-08,28.921818181818182,0.041490173882184844
Barometric_Pressure,atm,2015-06-09,28.896923076923077,0.06839506279977196
Barometric_Pressure,atm,2015-06-10,28.974999999999998,0.04358898943540772
Barometric_Pressure,atm,2015-06-11,29.10531914893617,0.10812877754142208
Barometric_Pressure,atm,2015-06-12,29.0744,0.060779877824715216
Barometric_Pressure,atm,2015-06-13,29.191011235955056,0.05768340205222865
Barometric_Pressure,atm,2015-06-14,,
Barometric_Pressure,atm,2015-06-15,29.12741935483871,0.04497487400071393
Barometric_Pressure,atm,2015-06-16,29.15135135135135,0.05370773579774777
Barometric_Pressure,atm,2015-06-17,29.3,0.0
Barometric_Pressure,atm,2015-06-18,,
Barometric_Pressure,atm,2015-06-19,,
Barometric_Pressure,atm,2015-06-20,,
Barometric_Pressure,atm,2015-06-21,,
Barometric_Pressure,atm,2015-06-22,,
Barometric_Pressure,atm,2015-06-23,,
Barometric_Pressure,atm,2015-06-24,,
Barometric_Pressure,atm,2015-06-25,,
Barometric_Pressure,atm,2015-06-26,,
Barometric_Pressure,atm,2015-06-27,,
Barometric_Pressure,atm,2015-06-28,,
Barometric_Pressure,atm,2015-06-29,,
Barometric_Pressure,atm,2015-06-30,,
Barometric_Pressure,atm,2015-07-01,,
Barometric_Pressure,atm,2015-07-02,,
Barometric_Pressure,atm,2015-07-03,,
Barometric_Pressure,atm,2015-07-04,,
Barometric_Pressure,atm,2015-07-05,,
Barometric_Pressure,atm,2015-07-06,,
Barometric_Pressure,atm,2015-07-07,,
Barometric_Pressure,atm,2015-07-08,,
Barometric_Pressure,atm,2015-07-09,,
Barometric_Pressure,atm,2015-07-10,,
Barometric_Pressure,atm,2015-07-11,,
Barometric_Pressure,atm,2015-07-12,,
Barometric_Pressure,atm,2015-07-13,29.05757575757576,0.09256416146636845
Barometric_Pressure,atm,2015-07-14,28.76834532374101,0.07226758972787152
Barometric_Pressure,atm,2015-07-15,29.06027397260274,0.13717357822542503
Barometric_Pressure,atm,2015-07-16,29.281176470588235,0.03932198478453269
Barometric_Pressure,atm,2015-07-17,,
Barometric_Pressure,atm,2015-07-18,,
Barometric_Pressure,atm,2015-07-19,,
Barometric_Pressure,atm,2015-07-20,,
Barometric_Pressure,atm,2015-07-21,,
Barometric_Pressure,atm,2015-07-22,29.1,0.0
Barometric_Pressure,atm,2015-07-23,29.19097222222222,0.02875795893348797
Barometric_Pressure,atm,2015-07-24,29.196527777777778,0.01837143741000463
Barometric_Pressure,atm,2015-07-25,29.15972222222222,0.04921686623810285
Barometric_Pressure,atm,2015-07-26,29.12152777777778,0.04124495212927444
Barometric_Pressure,atm,2015-07-27,29.198611111111106,0.011743834038235547
Barometric_Pressure,atm,2015-07-28,29.200000000000003,0.0
Barometric_Pressure,atm,2015-07-29,29.178030303030305,0.04156186217788553
Barometric_Pressure,atm,2015-07-30,29.099145299145302,0.00924500327042031
Barometric_Pressure,atm,2015-07-31,29.085416666666667,0.03541709515715115
Barometric_Pressure,atm,2015-08-01,29.05902777777778,0.04934989169604848
Barometric_Pressure,atm,2015-08-02,29.070833333333333,0.054033141862937506
Barometric_Pressure,atm,2015-08-03,28.962500000000002,0.048581270672350914
Barometric_Pressure,atm,2015-08-04,29.05763888888889,0.04958550023667741
Barometric_Pressure,atm,2015-08-05,29.163194444444443,0.04839598864752275
Barometric_Pressure,atm,2015-08-06,29.188888888888886,0.03153666111941617
Barometric_Pressure,atm,2015-08-07,29.102222222222224,0.014795454458610064
Barometric_Pressure,atm,2015-08-08,29.15208333333333,0.050130947408882555
Barometric_Pressure,atm,2015-08-09,29.2,0.0
Barometric_Pressure,atm,2015-08-10,29.095833333333335,0.07181464096786017
Barometric_Pressure,atm,2015-08-11,29.04097222222222,0.05210692938691151
Barometric_Pressure,atm,2015-08-12,29.162499999999998,0.04858127067235221
Barometric_Pressure,atm,2015-08-13,29.25347222222222,0.050053390298179894
Barometric_Pressure,atm,2015-08-14,29.291666666666668,0.02773500981126109
Barometric_Pressure,atm,2015-08-15,29.291666666666668,0.027735009811262604
Barometric_Pressure,atm,2015-08-16,29.3125,0.033187325915152645
Barometric_Pressure,atm,2015-08-17,29.27777777777778,0.04171908125165138
Barometric_Pressure,atm,2015-08-18,29.172222222222224,0.04494665749755027
Barometric_Pressure,atm,2015-08-19,29.075694444444448,0.04304255136096591
Barometric_Pressure,atm,2015-08-20,29.006249999999998,0.053177036423602705
Barometric_Pressure,atm,2015-08-21,29.243750000000002,0.06554638564657336
Barometric_Pressure,atm,2015-08-22,29.33888888888889,0.04891995904702046
Barometric_Pressure,atm,2015-08-23,29.206766917293233,0.07302499439460973
Barometric_Pressure,atm,2015-08-24,,
Barometric_Pressure,atm,2015-08-25,,
Barometric_Pressure,atm,2015-08-26,,
Barometric_Pressure,atm,2015-08-27,,
Barometric_Pressure,atm,2015-08-28,,
Barometric_Pressure,atm,2015-08-29,,
Barometric_Pressure,atm,2015-08-30,,
Barometric_Pressure,atm,2015-08-31,,
Barometric_Pressure,atm,2015-09-01,29.278321678321678,0.04135020503357274
Barometric_Pressure,atm,2015-09-02,29.230555555555554,0.058270862319801005
Barometric_Pressure,atm,2015-09-03,29.134027777777778,0.04754562688183042
Barometric_Pressure,atm,2015-09-04,29.19097222222222,0.05143152749240214
Barometric_Pressure,atm,2015-09-05,29.310416666666665,0.030654287052308063
Barometric_Pressure,atm,2015-09-06,29.299999999999997,0.0
Barometric_Pressure,atm,2015-09-07,29.243055555555557,0.04968822766933772
Barometric_Pressure,atm,2015-09-08,29.17013888888889,0.045924628295406125
Barometric_Pressure,atm,2015-09-09,29.06736111111111,0.047052806387785986
Barometric_Pressure,atm,2015-09-10,29.09791666666667,0.014332465957384551
Barometric_Pressure,atm,2015-09-11,29.058333333333337,0.049472744491816385
Barometric_Pressure,atm,2015-09-12,28.99930555555555,0.04946783623797411
Barometric_Pressure,atm,2015-09-13,29.023853211009172,0.04281545794065627
Barometric_Pressure,atm,2015-09-14,,
Barometric_Pressure,atm,2015-09-15,,
Barometric_Pressure,atm,2015-09-16,,
Barometric_Pressure,atm,2015-09-17,,
Barometric_Pressure,atm,2015-09-18,,
Barometric_Pressure,atm,2015-09-19,,
Barometric_Pressure,atm,2015-09-20,29.348275862068967,0.05040669445355996
Barometric_Pressure,atm,2015-09-21,29.32569444444444,0.0438473636333044
Barometric_Pressure,atm,2015-09-22,29.363194444444446,0.048395988647524965
Barometric_Pressure,atm,2015-09-23,29.431249999999995,0.04651302547095453
Barometric_Pressure,atm,2015-09-24,29.47638888888889,0.04261735932972785
Barometric_Pressure,atm,2015-09-25,29.475694444444443,0.04304255136096368
Barometric_Pressure,atm,2015-09-26,29.520138888888887,0.04024376963656717
Barometric_Pressure,atm,2015-09-27,29.43333333333333,0.07095748751868992
Barometric_Pressure,atm,2015-09-28,29.279166666666665,0.04075339447014385
Barometric_Pressure,atm,2015-09-29,29.145138888888887,0.049936828780841214
Barometric_Pressure,atm,2015-09-30,29.174999999999997,0.08404128189727005
Barometric_Pressure,atm,2015-10-01,29.359722222222224,0.049216866238107185
Barometric_Pressure,atm,2015-10-02,29.493750000000002,0.02429063533617498
Barometric_Pressure,atm,2015-10-03,29.422916666666666,0.04217636961434504
Barometric_Pressure,atm,2015-10-04,29.399999999999995,0.0
Barometric_Pressure,atm,2015-10-05,29.369444444444444,0.04622501635209906
Barometric_Pressure,atm,2015-10-06,29.284027777777776,0.03676269476651337
Barometric_Pressure,atm,2015-10-07,29.25,0.05017452060042654
Barometric_Pressure,atm,2015-10-08,29.3,0.0
Barometric_Pressure,atm,2015-10-09,,
Barometric_Pressure,atm,2015-10-10,,
Barometric_Pressure,atm,2015-10-11,,
Barometric_Pressure,atm,2015-10-12,,
Barometric_Pressure,atm,2015-10-13,,
Barometric_Pressure,atm,2015-10-14,,
Barometric_Pressure,atm,2015-10-15,,
Barometric_Pressure,atm,2015-10-16,,
Barometric_Pressure,atm,2015-10-17,,
Barometric_Pressure,atm,2015-10-18,,
Barometric_Pressure,atm,2015-10-19,29.3,0.0
Barometric_Pressure,atm,2015-10-20,29.305555555555557,0.03698001308168119
Barometric_Pressure,atm,2015-10-21,29.39861111111111,0.04261735932973023
Barometric_Pressure,atm,2015-10-22,29.31319444444445,0.03966031956428275
Barometric_Pressure,atm,2015-10-23,29.486324786324786,0.03450632851997114
Daily_Rain,mm,2014-05-06,0.38411764705882356,4.190228829915953
Daily_Rain,mm,2014-05-07,0.0,0.0
Daily_Rain,mm,2014-05-08,0.28444444444444444,0.15740366252382115
Daily_Rain,mm,2014-05-09,0.10743055555555556,0.1559305319944776
Daily_Rain,mm,2014-05-10,0.041666666666666664,0.09349469900084573
Daily_Rain,mm,2014-05-11,0.0,0.0
Daily_Rain,mm,2014-05-12,0.003263888888888889,0.013160114624828195
Daily_Rain,mm,2014-05-13,0.030347222222222223,0.05015239983304097
Daily_Rain,mm,2014-05-14,0.04805555555555555,0.0537577807382242
Daily_Rain,mm,2014-05-15,0.16022058823529411,0.145980551275718
Daily_Rain,mm,2014-05-16,0.3164705882352941,0.17468502622663323
Daily_Rain,mm,2014-05-17,0.05736111111111111,0.09487559842435347
Daily_Rain,mm,2014-05-18,0.011666666666666667,0.02617851572023681
Daily_Rain,mm,2014-05-19,0.0,0.0
Daily_Rain,mm,2014-05-20,0.0022916666666666667,0.004217636961434868
Daily_Rain,mm,2014-05-21,0.6494444444444444,0.5879486417057237
Daily_Rain,mm,2014-05-22,0.22034965034965034,0.45227502007637804
Daily_Rain,mm,2014-05-23,0.003333333333333333,0.00747957592006766
Daily_Rain,mm,2014-05-24,0.0,0.0
Daily_Rain,mm,2014-05-25,0.0,0.0
Daily_Rain,mm,2014-05-26,0.0007638888888888889,0.002665464472601512
Daily_Rain,mm,2014-05-27,0.0,0.0
Daily_Rain,mm,2014-05-28,0.05601398601398602,0.02781072495876721
Daily_Rain,mm,2014-05-29,0.011666666666666667,0.02617851572023681
Daily_Rain,mm,2014-05-30,0.0,0.0
Daily_Rain,mm,2014-05-31,0.0,0.0
Daily_Rain,mm,2014-06-01,0.0,0.0
Daily_Rain,mm,2014-06-02,0.14416666666666667,0.22803355169645692
Daily_Rain,mm,2014-06-03,0.10986013986013987,0.18096371908571177
Daily_Rain,mm,2014-06-04,0.021180555555555553,0.035626197004113604
Daily_Rain,mm,2014-06-05,0.02013986013986014,0.04500369333804513
Daily_Rain,mm,2014-06-06,0.0,0.0
Daily_Rain,mm,2014-06-07,0.0,0.0
Daily_Rain,mm,2014-06-08,0.20277777777777778,0.34012224138262276
Daily_Rain,mm,2014-06-09,0.1647517730496454,0.3745007754336503
Daily_Rain,mm,2014-06-10,0.0,0.0
Daily_Rain,mm,2014-06-11,,
Daily_Rain,mm,2014-06-12,,
Daily_Rain,mm,2014-06-13,,
Daily_Rain,mm,2014-06-14,,
Daily_Rain,mm,2014-06-15,,
Daily_Rain,mm,2014-06-16,,
Daily_Rain,mm,2014-06-17,,
Daily_Rain,mm,2014-06-18,,
Daily_Rain,mm,2014-06-19,,
Daily_Rain,mm,2014-06-20,,
Daily_Rain,mm,2014-06-21,,
Daily_Rain,mm,2014-06-22,,
Daily_Rain,mm,2014-06-23,,
Daily_Rain,mm,2014-06-24,,
Daily_Rain,mm,2014-06-25,,
Daily_Rain,mm,2014-06-26,,
Daily_Rain,mm,2014-06-27,,
Daily_Rain,mm,2014-06-28,,
Daily_Rain,mm,2014-06-29,,
Daily_Rain,mm,2014-06-30,,
Daily_Rain,mm,2014-07-01,0.0,0.0
Daily_Rain,mm,2014-07-02,0.029791666666666668,0.01779717703708963
Daily_Rain,mm,2014-07-03,0.013055555555555555,0.021230594686398936
Daily_Rain,mm,2014-07-04,0.0024305555555555556,0.005823334754350607
Daily_Rain,mm,2014-07-05,0.0,0.0
Daily_Rain,mm,2014-07-06,0.0,0.0
Daily_Rain,mm,2014-07-07,0.14291666666666666,0.15021138950978896
Daily_Rain,mm,2014-07-08,0.4423076923076923,0.5956576343292997
Daily_Rain,mm,2014-07-09,0.25666666666666665,0.5759273458452094
Daily_Rain,mm,2014-07-10,0.0,0.0
Daily_Rain,mm,2014-07-11,0.0,0.0
Daily_Rain,mm,2014-07-12,0.0,0.0
Daily_Rain,mm,2014-07-13,0.11916666666666667,0.0948498998233709
Daily_Rain,mm,2014-07-14,0.03549295774647887,0.07897910186634961
Daily_Rain,mm,2014-07-15,0.05713286713286713,0.035714485513926655
Daily_Rain,mm,2014-07-16,0.013333333333333332,0.02991830368027064
Daily_Rain,mm,2014-07-17,0.0,0.0
Daily_Rain,mm,2014-07-18,0.0,0.0
Daily_Rain,mm,2014-07-19,0.173125,0.16590278031872321
Daily_Rain,mm,2014-07-20,0.06333333333333334,0.14211194248128545
Daily_Rain,mm,2014-07-21,0.0,0.0
Daily_Rain,mm,2014-07-22,0.0,0.0
Daily_Rain,mm,2014-07-23,0.0,0.0
Daily_Rain,mm,2014-07-24,0.0,0.0
Daily_Rain,mm,2014-07-25,0.0,0.0
Daily_Rain,mm,2014-07-26,0.007013888888888889,0.004592462829540903
Daily_Rain,mm,2014-07-27,0.015555555555555557,0.03227456028588526
Daily_Rain,mm,2014-07-28,0.3175,0.19941698239400998
Daily_Rain,mm,2014-07-29,0.06166666666666666,0.13837215452125173
Daily_Rain,mm,2014-07-30,0.28394366197183096,0.1963061646477091
Daily_Rain,mm,2014-07-31,0.09166666666666666,0.16988272384247857
Daily_Rain,mm,2014-08-01,0.003333333333333333,0.00747957592006766
Daily_Rain,mm,2014-08-02,0.2311188811188811,0.1928551411968663
Daily_Rain,mm,2014-08-03,0.12000000000000001,0.26926473312243554
Daily_Rain,mm,2014-08-04,0.0,0.0
Daily_Rain,mm,2014-08-05,,
Daily_Rain,mm,2014-08-06,,
Daily_Rain,mm,2014-08-07,,
Daily_Rain,mm,2014-08-08,,
Daily_Rain,mm,2014-08-09,,
Daily_Rain,mm,2014-08-10,,
Daily_Rain,mm,2014-08-11,,
Daily_Rain,mm,2014-08-12,,
Daily_Rain,mm,2014-08-13,,
Daily_Rain,mm,2014-08-14,,
Daily_Rain,mm,2014-08-15,,
Daily_Rain,mm,2014-08-16,,
Daily_Rain,mm,2014-08-17,,
Daily_Rain,mm,2014-08-18,,
Daily_Rain,mm,2014-08-19,,
Daily_Rain,mm,2014-08-20,,
Daily_Rain,mm,2014-08-21,,
Daily_Rain,mm,2014-08-22,,
Daily_Rain,mm,2014-08-23,,
Daily_Rain,mm,2014-08-24,,
Daily_Rain,mm,2014-08-25,,
Daily_Rain,mm,2014-08-26,,
Daily_Rain,mm,2014-08-27,,
Daily_Rain,mm,2014-08-28,,
Daily_Rain,mm,2014-08-29,,
Daily_Rain,mm,2014-08-30,,
Daily_Rain,mm,2014-08-31,,
Daily_Rain,mm,2014-09-01,0.06812949640287769,0.16679662329899686
Daily_Rain,mm,2014-09-02,0.13194444444444445,0.2234543734901088
Daily_Rain,mm,2014-09-03,0.08727272727272728,0.1950160044648623
Daily_Rain,mm,2014-09-04,0.0,0.0
Daily_Rain,mm,2014-09-05,0.0,0.0
Daily_Rain,mm,2014-09-06,0.317,0.1542244463634579
Daily_Rain,mm,2014-09-07,0.06833333333333333,0.15333130636138703
Daily_Rain,mm,2014-09-08,0.0,0.0
Daily_Rain,mm,2014-09-09,0.022569444444444444,0.06621375142680619
Daily_Rain,mm,2014-09-10,0.042916666666666665,0.08379858469689569
Daily_Rain,mm,2014-09-11,0.18784722222222222,0.10855801964200354
Daily_Rain,mm,2014-09-12,0.030000000000000002,0.06731618328060889
Daily_Rain,mm,2014-09-13,0.0,0.0
Daily_Rain,mm,2014-09-14,0.0,0.0
Daily_Rain,mm,2014-09-15,0.0,0.0
Daily_Rain,mm,2014-09-16,0.011805555555555555,0.0352543758684084
Daily_Rain,mm,2014-09-17,0.0,0.0
Daily_Rain,mm,2014-09-18,0.0,0.0
Daily_Rain,mm,2014-09-19,0.0,0.0
Daily_Rain,mm,2014-09-20,0.0,0.0
Daily_Rain,mm,2014-09-21,0.0,0.0
Daily_Rain,mm,2014-09-22,0.0,0.0
Daily_Rain,mm,2014-09-23,0.0,0.0
Daily_Rain,mm,2014-09-24,0.0,0.0
Daily_Rain,mm,2014-09-25,0.0,0.0
Daily_Rain,mm,2014-09-26,0.0,0.0
Daily_Rain,mm,2014-09-27,0.0,0.0
Daily_Rain,mm,2014-09-28,0.0,0.0
Daily_Rain,mm,2014-09-29,0.0,0.0
Daily_Rain,mm,2014-09-30,0.0,0.0
Daily_Rain,mm,2014-10-01,0.0,0.0
Daily_Rain,mm,2014-10-02,0.0,0.0
Daily_Rain,mm,2014-10-03,0.0,0.0
Daily_Rain,mm,2014-10-04,0.0,0.0
Daily_Rain,mm,2014-10-05,0.0,0.0
Daily_Rain,mm,2014-10-06,,
Daily_Rain,mm,2014-10-07,,
Daily_Rain,mm,2014-10-08,,
Daily_Rain,mm,2014-10-09,,
Daily_Rain,mm,2014-10-10,,
Daily_Rain,mm,2014-10-11,,
Daily_Rain,mm,2014-10-12,,
Daily_Rain,mm,2014-10-13,,
Daily_Rain,mm,2014-10-14,,
Daily_Rain,mm,2014-10-15,,
Daily_Rain,mm,2014-10-16,,
Daily_Rain,mm,2014-10-17,,
Daily_Rain,mm,2014-10-18,,
Daily_Rain,mm,2014-10-19,,
Daily_Rain,mm,2014-10-20,,
Daily_Rain,mm,2014-10-21,,
Daily_Rain,mm,2014-10-22,,
Daily_Rain,mm,2014-10-23,,
Daily_Rain,mm,2014-10-24,,
Daily_Rain,mm,2014-10-25,,
Daily_Rain,mm,2014-10-26,,
Daily_Rain,mm,2014-10-27,,
Daily_Rain,mm,2014-10-28,,
Daily_Rain,mm,2014-10-29,,
Daily_Rain,mm,2014-10-30,,
Daily_Rain,mm,2014-10-31,,
Daily_Rain,mm,2014-11-01,0.0,0.0
Daily_Rain,mm,2014-11-02,0.0,0.0
Daily_Rain,mm,2014-11-03,0.0,0.0
Daily_Rain,mm,2014-11-04,0.0,0.0
Daily_Rain,mm,2014-11-05,0.0,0.0
Daily_Rain,mm,2014-11-06,0.0,0.0
Daily_Rain,mm,2014-11-07,0.0,0.0
Daily_Rain,mm,2014-11-08,0.0,0.0
Daily_Rain,mm,2014-11-09,0.0,0.0
Daily_Rain,mm,2014-11-10,0.0,0.0
Daily_Rain,mm,2014-11-11,0.0,0.0
Daily_Rain,mm,2014-11-12,0.0,0.0
Daily_Rain,mm,2014-11-13,0.0,0.0
Daily_Rain,mm,2014-11-14,0.0,0.0
Daily_Rain,mm,2014-11-15,0.0,0.0
Daily_Rain,mm,2014-11-16,0.0,0.0
Daily_Rain,mm,2014-11-17,0.0,0.0
Daily_Rain,mm,2014-11-18,0.0,0.0
Daily_Rain,mm,2014-11-19,0.0,0.0
Daily_Rain,mm,2014-11-20,0.0,0.0
Daily_Rain,mm,2014-11-21,0.0,0.0
Daily_Rain,mm,2014-11-22,0.0,0.0
Daily_Rain,mm,2014-11-23,0.0,0.0
Daily_Rain,mm,2014-11-24,0.0,0.0
Daily_Rain,mm,2014-11-25,0.0,0.0
Daily_Rain,mm,2014-11-26,0.0,0.0
Daily_Rain,mm,2014-11-27,0.0,0.0
Daily_Rain,mm,2014-11-28,0.0,0.0
Daily_Rain,mm,2014-11-29,0.0,0.0
Daily_Rain,mm,2014-11-30,0.0,0.0
Daily_Rain,mm,2014-12-01,0.0,0.0
Daily_Rain,mm,2014-12-02,0.0,0.0
Daily_Rain,mm,2014-12-03,0.0,0.0
Daily_Rain,mm,2014-12-04,0.0,0.0
Daily_Rain,mm,2014-12-05,0.0,0.0
Daily_Rain,mm,2014-12-06,,
Daily_Rain,mm,2014-12-07,,
Daily_Rain,mm,2014-12-08,,
Daily_Rain,mm,2014-12-09,,
Daily_Rain,mm,2014-12-10,,
Daily_Rain,mm,2014-12-11,,
Daily_Rain,mm,2014-12-12,,
Daily_Rain,mm,2014-12-13,,
Daily_Rain,mm,2014-12-14,,
Daily_Rain,mm,2014-12-15,,
Daily_Rain,mm,2014-12-16,,
Daily_Rain,mm,2014-12-17,,
Daily_Rain,mm,2014-12-18,,
Daily_Rain,mm,2014-12-19,,
Daily_Rain,mm,2014-12-20,,
Daily_Rain,mm,2014-12-21,,
Daily_Rain,mm,2014-12-22,,
Daily_Rain,mm,2014-12-23,,
Daily_Rain,mm,2014-12-24,,
Daily_Rain,mm,2014-12-25,,
Daily_Rain,mm,2014-12-26,,
Daily_Rain,mm,2014-12-27,,
Daily_Rain,mm,2014-12-28,,
Daily_Rain,mm,2014-12-29,,
Daily_Rain,mm,2014-12-30,,
Daily_Rain,mm,2014-12-31,,
Daily_Rain,mm,2015-01-01,0.0,0.0
Daily_Rain,mm,2015-01-02,0.0,0.0
Daily_Rain,mm,2015-01-03,0.0,0.0
Daily_Rain,mm,2015-01-04,0.0,0.0
Daily_Rain,mm,2015-01-05,0.0,0.0
Daily_Rain,mm,2015-01-06,0.0,0.0
Daily_Rain,mm,2015-01-07,0.0,0.0
Daily_Rain,mm,2015-01-08,0.0,0.0
Daily_Rain,mm,2015-01-09,0.0,0.0
Daily_Rain,mm,2015-01-10,0.0,0.0
Daily_Rain,mm,2015-01-11,0.0,0.0
Daily_Rain,mm,2015-01-12,0.0,0.0
Daily_Rain,mm,2015-01-13,0.0,0.0
Daily_Rain,mm,2015-01-14,0.0,0.0
Daily_Rain,mm,2015-01-15,0.0,0.0
Daily_Rain,mm,2015-01-16,0.0,0.0
Daily_Rain,mm,2015-01-17,0.0,0.0
Daily_Rain,mm,2015-01-18,0.0,0.0
Daily_Rain,mm,2015-01-19,0.0,0.0
Daily_Rain,mm,2015-01-20,0.0,0.0
Daily_Rain,mm,2015-01-21,0.0,0.0
Daily_Rain,mm,2015-01-22,0.0,0.0
Daily_Rain,mm,2015-01-23,0.0,0.0
Daily_Rain,mm,2015-01-24,0.0,0.0
Daily_Rain,mm,2015-01-25,0.0,0.0
Daily_Rain,mm,2015-01-26,0.0,0.0
Daily_Rain,mm,2015-01-27,0.0,0.0
Daily_Rain,mm,2015-01-28,0.0,0.0
Daily_Rain,mm,2015-01-29,0.0,0.0
Daily_Rain,mm,2015-01-30,0.0,0.0
Daily_Rain,mm,2015-01-31,0.0,0.0
Daily_Rain,mm,2015-02-01,0.0,0.0
Daily_Rain,mm,2015-02-02,0.0,0.0
Daily_Rain,mm,2015-02-03,0.0,0.0
Daily_Rain,mm,2015-02-04,0.0,0.0
Daily_Rain,mm,2015-02-05,0.0,0.0
Daily_Rain,mm,2015-02-06,,
Daily_Rain,mm,2015-02-07,,
Daily_Rain,mm,2015-02-08,,
Daily_Rain,mm,2015-02-09,,
Daily_Rain,mm,2015-02-10,,
Daily_Rain,mm,2015-02-11,,
Daily_Rain,mm,2015-02-12,,
Daily_Rain,mm,2015-02-13,,
Daily_Rain,mm,2015-02-14,,
Daily_Rain,mm,2015-02-15,,
Daily_Rain,mm,2015-02-16,,
Daily_Rain,mm,2015-02-17,,
Daily_Rain,mm,2015-02-18,,
Daily_Rain,mm,2015-02-19,,
Daily_Rain,mm,2015-02-20,,
Daily_Rain,mm,2015-02-21,,
Daily_Rain,mm,2015-02-22,,
Daily_Rain,mm,2015-02-23,,
Daily_Rain,mm,2015-02-24,,
Daily_Rain,mm,2015-02-25,,
Daily_Rain,mm,2015-02-26,,
Daily_Rain,mm,2015-02-27,,
Daily_Rain,mm,2015-02-28,,
Daily_Rain,mm,2015-03-01,0.0,0.0
Daily_Rain,mm,2015-03-02,0.0,0.0
Daily_Rain,mm,2015-03-03,0.0,0.0
Daily_Rain,mm,2015-03-04,0.0,0.0
Daily_Rain,mm,2015-03-05,0.0,0.0
Daily_Rain,mm,2015-03-06,0.0,0.0
Daily_Rain,mm,2015-03-07,0.0,0.0
Daily_Rain,mm,2015-03-08,0.0,0.0
Daily_Rain,mm,2015-03-09,0.0,0.0
Daily_Rain,mm,2015-03-10,0.0,0.0
Daily_Rain,mm,2015-03-11,0.0,0.0
Daily_Rain,mm,2015-03-12,0.0,0.0
Daily_Rain,mm,2015-03-13,0.0,0.0
Daily_Rain,mm,2015-03-14,0.0,0.0
Daily_Rain,mm,2015-03-15,0.0,0.0
Daily_Rain,mm,2015-03-16,0.0,0.0
Daily_Rain,mm,2015-03-17,0.0,0.0
Daily_Rain,mm,2015-03-18,0.0,0.0
Daily_Rain,mm,2015-03-19,0.0,0.0
Daily_Rain,mm,2015-03-20,0.0,0.0
Daily_Rain,mm,2015-03-21,0.0,0.0
Daily_Rain,mm,2015-03-22,0.0,0.0
Daily_Rain,mm,2015-03-23,0.0,0.0
Daily_Rain,mm,2015-03-24,0.0,0.0
Daily_Rain,mm,2015-03-25,0.0,0.0
Daily_Rain,mm,2015-03-26,0.0,0.0
Daily_Rain,mm,2015-03-27,0.0,0.0
Daily_Rain,mm,2015-03-28,0.0,0.0
Daily_Rain,mm,2015-03-29,0.0,0.0
Daily_Rain,mm,2015-03-30,0.0,0.0
Daily_Rain,mm,2015-03-31,0.0,0.0
Daily_Rain,mm,2015-04-01,0.0,0.0
Daily_Rain,mm,2015-04-02,0.0,0.0
Daily_Rain,mm,2015-04-03,0.0,0.0
Daily_Rain,mm,2015-04-04,0.0,0.0
Daily_Rain,mm,2015-04-05,,
Daily_Rain,mm,2015-04-06,,
Daily_Rain,mm,2015-04-07,,
Daily_Rain,mm,2015-04-08,,
Daily_Rain,mm,2015-04-09,,
Daily_Rain,mm,2015-04-10,,
Daily_Rain,mm,2015-04-11,,
Daily_Rain,mm,2015-04-12,,
Daily_Rain,mm,2015-04-13,,
Daily_Rain,mm,2015-04-14,,
Daily_Rain,mm,2015-04-15,,
Daily_Rain,mm,2015-04-16,,
Daily_Rain,mm,2015-04-17,,
Daily_Rain,mm,2015-04-18,,
Daily_Rain,mm,2015-04-19,,
Daily_Rain,mm,2015-04-20,,
Daily_Rain,mm,2015-04-21,,
Daily_Rain,mm,2015-04-22,,
Daily_Rain,mm,2015-04-23,,
Daily_Rain,mm,2015-04-24,,
Daily_Rain,mm,2015-04-25,,
Daily_Rain,mm,2015-04-26,,
Daily_Rain,mm,2015-04-27,,
Daily_Rain,mm,2015-04-28,,
Daily_Rain,mm,2015-04-29,,
Daily_Rain,mm,2015-04-30,,
Daily_Rain,mm,2015-05-01,0.0,0.0
Daily_Rain,mm,2015-05-02,0.0,0.0
Daily_Rain,mm,2015-05-03,0.0,0.0
Daily_Rain,mm,2015-05-04,6.967291666666666,9.161360650977164
Daily_Rain,mm,2015-05-05,3.155,7.07941860834404
Daily_Rain,mm,2015-05-06,0.0,0.0
Daily_Rain,mm,2015-05-07,0.0,0.0
Daily_Rain,mm,2015-05-08,0.0,0.0
Daily_Rain,mm,2015-05-09,0.0,0.0
Daily_Rain,mm,2015-05-10,0.0,0.0
Daily_Rain,mm,2015-05-11,0.0,0.0
Daily_Rain,mm,2015-05-12,0.0,0.0
Daily_Rain,mm,2015-05-13,0.0,0.0
Daily_Rain,mm,2015-05-14,0.0,0.0
Daily_Rain,mm,2015-05-15,0.0,0.0
Daily_Rain,mm,2015-05-16,0.0,0.0
Daily_Rain,mm,2015-05-17,0.0,0.0
Daily_Rain,mm,2015-05-18,0.0,0.0
Daily_Rain,mm,2015-05-19,0.0,0.0
Daily_Rain,mm,2015-05-20,0.0,0.0
Daily_Rain,mm,2015-05-21,0.0,0.0
Daily_Rain,mm,2015-05-22,0.0,0.0
Daily_Rain,mm,2015-05-23,0.0,0.0
Daily_Rain,mm,2015-05-24,0.0,0.0
Daily_Rain,mm,2015-05-25,0.0,0.0
Daily_Rain,mm,2015-05-26,0.0,0.0
Daily_Rain,mm,2015-05-27,0.0,0.0
Daily_Rain,mm,2015-05-28,0.0,0.0
Daily_Rain,mm,2015-05-29,0.0,0.0
Daily_Rain,mm,2015-05-30,0.0,0.0
Daily_Rain,mm,2015-05-31,0.0,0.0
Daily_Rain,mm,2015-06-01,0.0,0.0
Daily_Rain,mm,2015-06-02,0.0,0.0
Daily_Rain,mm,2015-06-03,0.0,0.0
Daily_Rain,mm,2015-06-04,0.0,0.0
Daily_Rain,mm,2015-06-05,0.0,0.0
Daily_Rain,mm,2015-06-06,0.0,0.0
Daily_Rain,mm,2015-06-07,0.0,0.0
Daily_Rain,mm,2015-06-08,0.0,0.0
Daily_Rain,mm,2015-06-09,0.0,0.0
Daily_Rain,mm,2015-06-10,0.0,0.0
Daily_Rain,mm,2015-06-11,0.0,0.0
Daily_Rain,mm,2015-06-12,0.0,0.0
Daily_Rain,mm,2015-06-13,0.0,0.0
Daily_Rain,mm,2015-06-14,,
Daily_Rain,mm,2015-06-15,0.0,0.0
Daily_Rain,mm,2015-06-16,0.0,0.0
Daily_Rain,mm,2015-06-17,0.0,0.0
Daily_Rain,mm,2015-06-18,,
Daily_Rain,mm,2015-06-19,,
Daily_Rain,mm,2015-06-20,,
Daily_Rain,mm,2015-06-21,,
Daily_Rain,mm,2015-06-22,,
Daily_Rain,mm,2015-06-23,,
Daily_Rain,mm,2015-06-24,,
Daily_Rain,mm,2015-06-25,,
Daily_Rain,mm,2015-06-26,,
Daily_Rain,mm,2015-06-27,,
Daily_Rain,mm,2015-06-28,,
Daily_Rain,mm,2015-06-29,,
Daily_Rain,mm,2015-06-30,,
Daily_Rain,mm,2015-07-01,,
Daily_Rain,mm,2015-07-02,,
Daily_Rain,mm,2015-07-03,,
Daily_Rain,mm,2015-07-04,,
Daily_Rain,mm,2015-07-05,,
Daily_Rain,mm,2015-07-06,,
Daily_Rain,mm,2015-07-07,,
Daily_Rain,mm,2015-07-08,,
Daily_Rain,mm,2015-07-09,,
Daily_Rain,mm,2015-07-10,,
Daily_Rain,mm,2015-07-11,,
Daily_Rain,mm,2015-07-12,,
Daily_Rain,mm,2015-07-13,0.0,0.0
Daily_Rain,mm,2015-07-14,0.0,0.0
Daily_Rain,mm,2015-07-15,0.0,0.0
Daily_Rain,mm,2015-07-16,0.0,0.0
Daily_Rain,mm,2015-07-17,,
Daily_Rain,mm,2015-07-18,,
Daily_Rain,mm,2015-07-19,,
Daily_Rain,mm,2015-07-20,,
Daily_Rain,mm,2015-07-21,,
Daily_Rain,mm,2015-07-22,0.0,0.0
Daily_Rain,mm,2015-07-23,0.0,0.0
Daily_Rain,mm,2015-07-24,0.0,0.0
Daily_Rain,mm,2015-07-25,0.0,0.0
Daily_Rain,mm,2015-07-26,0.007152777777777778,0.004528571988824319
Daily_Rain,mm,2015-07-27,0.0016666666666666666,0.00373978796003383
Daily_Rain,mm,2015-07-28,0.0,0.0
Daily_Rain,mm,2015-07-29,0.0,0.0
Daily_Rain,mm,2015-07-30,0.34341880341880343,0.2343963721958082
Daily_Rain,mm,2015-07-31,0.085,0.19072918596172525
Daily_Rain,mm,2015-08-01,0.0,0.0
Daily_Rain,mm,2015-08-02,0.0,0.0
Daily_Rain,mm,2015-08-03,0.002777777777777778,0.004494665749754947
Daily_Rain,mm,2015-08-04,0.0016666666666666666,0.00373978796003383
Daily_Rain,mm,2015-08-05,0.0,0.0
Daily_Rain,mm,2015-08-06,0.0,0.0
Daily_Rain,mm,2015-08-07,0.0,0.0
Daily_Rain,mm,2015-08-08,0.0,0.0
Daily_Rain,mm,2015-08-09,0.0,0.0
Daily_Rain,mm,2015-08-10,0.011597222222222222,0.035254582491295886
Daily_Rain,mm,2015-08-11,0.06340277777777778,0.1426726077396184
Daily_Rain,mm,2015-08-12,0.0,0.0
Daily_Rain,mm,2015-08-13,0.0,0.0
Daily_Rain,mm,2015-08-14,0.0,0.0
Daily_Rain,mm,2015-08-15,0.024166666666666666,0.011914614637412412
Daily_Rain,mm,2015-08-16,0.005,0.011219363880101484
Daily_Rain,mm,2015-08-17,0.0,0.0
Daily_Rain,mm,2015-08-18,0.06458333333333334,0.07728681484090123
Daily_Rain,mm,2015-08-19,0.028333333333333335,0.0635763953205751
Daily_Rain,mm,2015-08-20,0.17326388888888888,0.20770416650797058
Daily_Rain,mm,2015-08-21,0.07333333333333333,0.16455067024148853
Daily_Rain,mm,2015-08-22,0.0,0.0
Daily_Rain,mm,2015-08-23,0.0,0.0
Daily_Rain,mm,2015-08-24,,
Daily_Rain,mm,2015-08-25,,
Daily_Rain,mm,2015-08-26,,
Daily_Rain,mm,2015-08-27,,
Daily_Rain,mm,2015-08-28,,
Daily_Rain,mm,2015-08-29,,
Daily_Rain,mm,2015-08-30,,
Daily_Rain,mm,2015-08-31,,
Daily_Rain,mm,2015-09-01,0.0,0.0
Daily_Rain,mm,2015-09-02,0.0,0.0
Daily_Rain,mm,2015-09-03,0.0,0.0
Daily_Rain,mm,2015-09-04,0.0,0.0
Daily_Rain,mm,2015-09-05,0.0010416666666666667,0.004217636961434866
Daily_Rain,mm,2015-09-06,0.0,0.0
Daily_Rain,mm,2015-09-07,0.0,0.0
Daily_Rain,mm,2015-09-08,0.0,0.0
Daily_Rain,mm,2015-09-09,0.0,0.0
Daily_Rain,mm,2015-09-10,0.0,0.0
Daily_Rain,mm,2015-09-11,0.000625,0.002429063533617359
Daily_Rain,mm,2015-09-12,0.9040972222222222,0.6361096941010198
Daily_Rain,mm,2015-09-13,0.5531192660550459,0.8277106951726307
Daily_Rain,mm,2015-09-14,,
Daily_Rain,mm,2015-09-15,,
Daily_Rain,mm,2015-09-16,,
Daily_Rain,mm,2015-09-17,,
Daily_Rain,mm,2015-09-18,,
Daily_Rain,mm,2015-09-19,,
Daily_Rain,mm,2015-09-20,0.45,0.0
Daily_Rain,mm,2015-09-21,0.07500000000000001,0.16829045820152227
Daily_Rain,mm,2015-09-22,0.0,0.0
Daily_Rain,mm,2015-09-23,0.0,0.0
Daily_Rain,mm,2015-09-24,0.0,0.0
Daily_Rain,mm,2015-09-25,0.0,0.0
Daily_Rain,mm,2015-09-26,0.0,0.0
Daily_Rain,mm,2015-09-27,0.0,0.0
Daily_Rain,mm,2015-09-28,0.006736111111111111,0.004705280638778719
Daily_Rain,mm,2015-09-29,0.01513888888888889,0.015509352518400486
Daily_Rain,mm,2015-09-30,0.1545138888888889,0.03934480641410999
Daily_Rain,mm,2015-10-01,0.028333333333333335,0.0635763953205751
Daily_Rain,mm,2015-10-02,0.0,0.0
Daily_Rain,mm,2015-10-03,0.024166666666666666,0.03414285087297582
Daily_Rain,mm,2015-10-04,0.013333333333333332,0.02991830368027064
Daily_Rain,mm,2015-10-05,0.0,0.0
Daily_Rain,mm,2015-10-06,0.0,0.0
Daily_Rain,mm,2015-10-07,0.0,0.0
Daily_Rain,mm,2015-10-08,0.0,0.0
Daily_Rain,mm,2015-10-09,,
Daily_Rain,mm,2015-10-10,,
Daily_Rain,mm,2015-10-11,,
Daily_Rain,mm,2015-10-12,,
Daily_Rain,mm,2015-10-13,,
Daily_Rain,mm,2015-10-14,,
Daily_Rain,mm,2015-10-15,,
Daily_Rain,mm,2015-10-16,,
Daily_Rain,mm,2015-10-17,,
Daily_Rain,mm,2015-10-18,,
Daily_Rain,mm,2015-10-19,0.82,0.0
Daily_Rain,mm,2015-10-20,0.13666666666666666,0.30666261272277406
Daily_Rain,mm,2015-10-21,0.007083333333333334,0.0045611616726658364
Daily_Rain,mm,2015-10-22,0.0016666666666666666,0.00373978796003383
Daily_Rain,mm,2015-10-23,0.0,0.0
